FECHA_BOLIVIA,USD,NASDAQ,SP500,VIX,BONDS,RISK_SCORE,RISK_REGIME,EURUSD,EUR_PROB,GBPUSD,GBP_PROB,GOLD_SCORE,XAUUSD
2026-09-09 19:15:57,67.0,47.4,28.6,56.4,28.6,39.9,NEUTRO,NEUTRO,,NEUTRO,,39.3,MIXTO
2026-09-09 20:19:26,67.0,47.4,28.6,56.5,28.6,39.8,NEUTRO,NEUTRO,,NEUTRO,,39.4,MIXTO
2026-09-09 20:34:34,67.0,47.4,28.6,56.4,28.6,39.9,NEUTRO,NEUTRO,,NEUTRO,,39.3,MIXTO
2026-09-09 21:27:05,67.0,47.4,28.6,56.5,28.6,39.8,NEUTRO,NEUTRO,,NEUTRO,,39.4,MIXTO
2026-09-09 22:29:02,67.0,47.4,28.6,56.4,28.6,39.9,NEUTRO,NEUTRO,,NEUTRO,,39.3,MIXTO
2026-09-09 23:29:12,67.0,47.4,28.6,56.4,28.6,39.9,NEUTRO,NEUTRO,,NEUTRO,,39.3,MIXTO
2026-09-10 00:29:02,67.0,47.4,28.6,56.5,28.6,39.8,NEUTRO,NEUTRO,,NEUTRO,,39.4,MIXTO
2026-09-10 01:27:17,67.0,47.4,28.6,56.5,28.6,39.8,NEUTRO,NEUTRO,,NEUTRO,,39.4,MIXTO
2026-09-10 02:34:36,67.0,47.4,28.6,56.4,28.6,39.9,NEUTRO,NEUTRO,,NEUTRO,,39.3,MIXTO
2026-09-10 03:29:43,67.0,47.4,28.6,56.4,28.6,39.9,NEUTRO,NEUTRO,,NEUTRO,,39.3,MIXTO
2026-09-10 04:30:36,67.0,47.4,28.6,63.1,28.6,37.6,NEUTRO,NEUTRO,,NEUTRO,,41.6,MIXTO
2026-09-10 05:29:18,67.0,47.4,28.6,52.2,28.6,41.3,NEUTRO,NEUTRO,,NEUTRO,,37.9,MIXTO
2026-09-10 06:29:15,67.0,47.4,28.6,58.8,28.6,39.1,NEUTRO,NEUTRO,,NEUTRO,,40.1,MIXTO
2026-09-10 07:27:48,67.0,47.4,28.6,75.8,28.6,33.4,RISK-OFF,NEUTRO,,NEUTRO,,45.8,MIXTO
2026-09-10 08:34:49,67.0,47.4,28.6,73.0,28.6,34.3,RISK-OFF,NEUTRO,,NEUTRO,,44.9,MIXTO
2026-09-10 09:27:44,67.0,47.4,28.6,27.0,28.6,49.7,NEUTRO,NEUTRO,,NEUTRO,,29.5,BAJISTA
2026-09-10 10:28:48,87.1,3.9,5.6,13.9,0.5,31.9,RISK-OFF,BAJISTA,69.23,BAJISTA,71.79,9.1,BAJISTA
2026-09-10 11:29:29,36.9,64.9,63.1,58.5,23.7,56.5,NEUTRO,NEUTRO,,NEUTRO,,48.4,MIXTO
2026-09-10 12:27:35,51.2,17.2,17.5,79.0,36.8,18.6,RISK-OFF,NEUTRO,,NEUTRO,,54.9,MIXTO
2026-09-10 13:26:53,52.7,66.2,63.4,55.4,39.4,58.1,NEUTRO,NEUTRO,,NEUTRO,,47.4,MIXTO
2026-09-10 14:30:12,83.9,44.2,41.6,83.4,7.9,34.1,RISK-OFF,BAJISTA,69.23,BAJISTA,71.79,35.8,MIXTO
2026-09-10 15:24:36,70.3,38.6,42.2,75.8,39.3,35.0,RISK-OFF,NEUTRO,,NEUTRO,,48.3,MIXTO
2026-09-10 16:26:42,66.8,35.1,55.5,41.5,75.2,49.7,NEUTRO,NEUTRO,,NEUTRO,,50.0,MIXTO
2026-09-10 17:25:40,66.8,35.1,55.5,23.1,75.2,55.8,NEUTRO,NEUTRO,,NEUTRO,,43.8,MIXTO
2026-09-10 18:25:37,66.9,35.1,55.6,23.1,75.2,55.9,NEUTRO,NEUTRO,,NEUTRO,,43.8,MIXTO
2026-09-10 19:25:01,66.9,35.1,55.6,23.1,75.2,55.9,NEUTRO,NEUTRO,,NEUTRO,,43.8,MIXTO
2026-09-10 20:35:03,66.9,35.1,55.6,23.1,75.2,55.9,NEUTRO,NEUTRO,,NEUTRO,,43.8,MIXTO
2026-09-10 21:27:09,66.8,35.1,55.5,23.1,75.2,55.8,NEUTRO,NEUTRO,,NEUTRO,,43.8,MIXTO
2026-09-10 22:28:37,66.9,35.1,55.6,23.1,75.2,55.9,NEUTRO,NEUTRO,,NEUTRO,,43.8,MIXTO
2026-09-10 23:28:33,66.9,35.1,55.6,23.1,75.2,55.9,NEUTRO,NEUTRO,,NEUTRO,,43.8,MIXTO
2026-09-11 00:29:03,66.8,35.1,55.5,23.1,75.2,55.8,NEUTRO,NEUTRO,,NEUTRO,,43.8,MIXTO
2026-09-11 01:27:14,66.8,35.1,55.5,23.1,75.2,55.8,NEUTRO,NEUTRO,,NEUTRO,,43.8,MIXTO
2026-09-11 02:33:39,66.8,35.1,55.5,23.1,75.2,55.8,NEUTRO,NEUTRO,,NEUTRO,,43.8,MIXTO
2026-09-11 03:29:06,66.8,35.1,55.5,23.1,75.2,55.8,NEUTRO,NEUTRO,,NEUTRO,,43.8,MIXTO
2026-09-11 04:30:04,66.8,35.1,55.5,45.9,75.2,48.2,NEUTRO,NEUTRO,,NEUTRO,,51.4,MIXTO
2026-09-11 05:28:41,66.9,35.1,55.6,68.4,75.2,40.8,NEUTRO,NEUTRO,,NEUTRO,,58.9,MIXTO
2026-09-11 06:28:44,66.8,35.1,55.5,56.2,75.2,44.8,NEUTRO,NEUTRO,,NEUTRO,,54.9,MIXTO
2026-09-11 07:27:38,66.9,35.1,55.6,38.6,75.2,50.7,NEUTRO,NEUTRO,,NEUTRO,,49.0,MIXTO
2026-09-11 08:33:54,66.8,35.1,55.5,34.8,75.2,51.9,NEUTRO,NEUTRO,,NEUTRO,,47.7,MIXTO
2026-09-11 09:29:04,66.9,35.1,55.6,84.5,75.2,35.4,NEUTRO,NEUTRO,,NEUTRO,,64.3,MIXTO
2026-09-11 10:28:55,44.3,97.9,98.9,59.2,87.4,79.2,RISK-ON,NEUTRO,,NEUTRO,,67.4,ALCISTA
2026-09-11 11:28:05,55.3,69.0,59.8,24.9,46.4,68.0,RISK-ON,NEUTRO,,NEUTRO,,38.7,MIXTO
2026-09-11 12:29:12,52.1,19.3,27.7,55.4,9.5,30.5,RISK-OFF,NEUTRO,,NEUTRO,,37.6,MIXTO
2026-09-11 13:26:54,74.6,82.1,79.0,51.8,75.0,69.8,RISK-ON,NEUTRO,,NEUTRO,,50.7,MIXTO
2026-09-11 14:31:13,79.9,46.0,45.3,51.8,46.4,46.5,NEUTRO,NEUTRO,,NEUTRO,,39.4,MIXTO
2026-09-11 15:26:07,25.5,35.0,41.6,72.5,27.7,34.7,RISK-OFF,NEUTRO,,NEUTRO,,58.2,MIXTO
2026-09-11 16:28:26,74.5,30.7,26.0,39.7,30.3,39.0,NEUTRO,NEUTRO,,NEUTRO,,31.8,BAJISTA
2026-09-11 17:25:32,74.4,30.6,26.0,39.8,30.3,38.9,NEUTRO,NEUTRO,,NEUTRO,,31.9,BAJISTA
2026-09-11 18:26:43,74.5,30.7,26.0,39.7,30.3,39.0,NEUTRO,NEUTRO,,NEUTRO,,31.8,BAJISTA
2026-09-11 19:24:59,74.4,30.6,26.0,39.8,30.3,38.9,NEUTRO,NEUTRO,,NEUTRO,,31.9,BAJISTA
2026-09-11 20:33:52,74.5,30.7,26.0,39.7,30.3,39.0,NEUTRO,NEUTRO,,NEUTRO,,31.8,BAJISTA
2026-09-11 21:25:31,74.5,30.7,26.0,39.8,30.3,39.0,NEUTRO,NEUTRO,,NEUTRO,,31.9,BAJISTA
2026-09-11 22:27:52,74.5,30.7,26.0,39.7,30.3,39.0,NEUTRO,NEUTRO,,NEUTRO,,31.8,BAJISTA
2026-09-11 23:27:42,74.5,30.7,26.0,39.7,30.3,39.0,NEUTRO,NEUTRO,,NEUTRO,,31.8,BAJISTA
2026-09-12 00:27:19,74.5,30.7,26.0,39.7,30.3,39.0,NEUTRO,NEUTRO,,NEUTRO,,31.8,BAJISTA
2026-09-12 01:26:24,74.4,30.6,26.0,39.8,30.3,38.9,NEUTRO,NEUTRO,,NEUTRO,,31.9,BAJISTA
2026-09-12 02:31:47,74.4,30.6,26.0,39.8,30.3,38.9,NEUTRO,NEUTRO,,NEUTRO,,31.9,BAJISTA
2026-09-12 03:25:40,74.4,30.6,26.0,39.8,30.3,38.9,NEUTRO,NEUTRO,,NEUTRO,,31.9,BAJISTA
2026-09-12 04:27:27,74.4,30.6,26.0,39.8,30.3,38.9,NEUTRO,NEUTRO,,NEUTRO,,31.9,BAJISTA
2026-09-12 05:26:19,74.5,30.7,26.0,39.7,30.3,39.0,NEUTRO,NEUTRO,,NEUTRO,,31.8,BAJISTA
2026-09-12 06:25:58,74.4,30.6,26.0,39.8,30.3,38.9,NEUTRO,NEUTRO,,NEUTRO,,31.9,BAJISTA
2026-09-12 07:25:35,74.4,30.6,26.0,39.8,30.3,38.9,NEUTRO,NEUTRO,,NEUTRO,,31.9,BAJISTA
2026-09-12 08:31:12,74.5,30.7,26.0,39.7,30.3,39.0,NEUTRO,NEUTRO,,NEUTRO,,31.8,BAJISTA
2026-09-12 09:25:54,74.4,30.7,26.0,39.7,30.3,39.0,NEUTRO,NEUTRO,,NEUTRO,,31.9,BAJISTA
2026-09-12 10:27:23,74.4,30.6,26.0,39.8,30.3,38.9,NEUTRO,NEUTRO,,NEUTRO,,31.9,BAJISTA
2026-09-12 11:25:51,74.4,30.6,26.0,39.8,30.3,38.9,NEUTRO,NEUTRO,,NEUTRO,,31.9,BAJISTA
2026-09-12 12:27:03,74.5,30.7,26.0,39.7,30.3,39.0,NEUTRO,NEUTRO,,NEUTRO,,31.8,BAJISTA
2026-09-12 13:25:10,74.5,30.7,26.0,39.7,30.3,39.0,NEUTRO,NEUTRO,,NEUTRO,,31.8,BAJISTA
2026-09-12 14:28:15,74.4,30.6,26.0,39.8,30.3,38.9,NEUTRO,NEUTRO,,NEUTRO,,31.9,BAJISTA
2026-09-12 15:24:44,74.4,30.6,26.0,39.8,30.3,38.9,NEUTRO,NEUTRO,,NEUTRO,,31.9,BAJISTA
2026-09-12 16:27:50,74.5,30.7,26.0,39.7,30.3,39.0,NEUTRO,NEUTRO,,NEUTRO,,31.8,BAJISTA
2026-09-12 17:26:30,74.5,30.7,26.0,39.7,30.3,39.0,NEUTRO,NEUTRO,,NEUTRO,,31.8,BAJISTA
2026-09-12 18:25:46,74.5,30.7,26.0,39.7,30.3,39.0,NEUTRO,NEUTRO,,NEUTRO,,31.8,BAJISTA
2026-09-12 19:25:30,74.4,30.6,26.0,39.8,30.3,38.9,NEUTRO,NEUTRO,,NEUTRO,,31.9,BAJISTA
2026-09-12 20:35:36,74.5,30.7,26.0,39.7,30.3,39.0,NEUTRO,NEUTRO,,NEUTRO,,31.8,BAJISTA
2026-09-12 21:27:05,74.4,30.7,26.0,39.7,30.3,39.0,NEUTRO,NEUTRO,,NEUTRO,,31.9,BAJISTA
2026-09-12 22:27:21,74.5,30.7,26.0,39.7,30.3,39.0,NEUTRO,NEUTRO,,NEUTRO,,31.8,BAJISTA
2026-09-12 23:27:45,74.5,30.7,26.0,39.7,30.3,39.0,NEUTRO,NEUTRO,,NEUTRO,,31.8,BAJISTA
2026-09-13 00:28:44,74.4,30.6,26.0,39.8,30.3,38.9,NEUTRO,NEUTRO,,NEUTRO,,31.9,BAJISTA
2026-09-13 01:25:53,74.5,30.7,26.0,39.7,30.3,39.0,NEUTRO,NEUTRO,,NEUTRO,,31.8,BAJISTA
2026-09-13 02:35:22,74.5,30.7,26.0,39.7,30.3,39.0,NEUTRO,NEUTRO,,NEUTRO,,31.8,BAJISTA
2026-09-13 03:26:14,74.4,30.6,26.0,39.8,30.3,38.9,NEUTRO,NEUTRO,,NEUTRO,,31.9,BAJISTA
2026-09-13 04:28:09,74.4,30.6,26.0,39.8,30.3,38.9,NEUTRO,NEUTRO,,NEUTRO,,31.9,BAJISTA
2026-09-13 05:52:46,74.4,30.6,26.0,39.8,30.3,38.9,NEUTRO,NEUTRO,,NEUTRO,,31.9,BAJISTA
2026-09-13 06:30:04,74.4,30.6,26.0,39.8,30.3,38.9,NEUTRO,NEUTRO,,NEUTRO,,31.9,BAJISTA
2026-09-13 07:26:05,74.5,30.7,26.0,39.7,30.3,39.0,NEUTRO,NEUTRO,,NEUTRO,,31.8,BAJISTA
2026-09-13 08:31:32,74.4,30.6,26.0,39.8,30.3,38.9,NEUTRO,NEUTRO,,NEUTRO,,31.9,BAJISTA
2026-09-13 09:26:07,74.4,30.7,26.0,39.8,30.3,39.0,NEUTRO,NEUTRO,,NEUTRO,,31.9,BAJISTA
2026-09-13 10:26:33,74.5,30.7,26.0,39.7,30.3,39.0,NEUTRO,NEUTRO,,NEUTRO,,31.8,BAJISTA
2026-09-13 11:26:55,74.5,30.7,26.0,39.7,30.3,39.0,NEUTRO,NEUTRO,,NEUTRO,,31.8,BAJISTA
2026-09-13 12:27:54,74.5,30.7,26.0,39.7,30.3,39.0,NEUTRO,NEUTRO,,NEUTRO,,31.8,BAJISTA
2026-09-13 13:25:49,74.4,30.6,26.0,39.8,30.3,38.9,NEUTRO,NEUTRO,,NEUTRO,,31.9,BAJISTA
2026-09-13 14:29:24,74.5,30.7,26.0,39.7,30.3,39.0,NEUTRO,NEUTRO,,NEUTRO,,31.8,BAJISTA
2026-09-13 15:25:05,74.4,30.6,26.0,39.8,30.3,38.9,NEUTRO,NEUTRO,,NEUTRO,,31.9,BAJISTA
2026-09-13 16:27:13,74.5,30.7,26.0,39.7,30.3,39.0,NEUTRO,NEUTRO,,NEUTRO,,31.8,BAJISTA
2026-09-13 17:26:21,74.4,30.6,26.0,39.8,30.3,38.9,NEUTRO,NEUTRO,,NEUTRO,,31.9,BAJISTA
2026-09-13 18:27:34,74.4,30.6,26.0,39.8,30.3,38.9,NEUTRO,NEUTRO,,NEUTRO,,31.9,BAJISTA
2026-09-13 19:25:18,74.5,30.7,26.0,39.7,30.3,39.0,NEUTRO,NEUTRO,,NEUTRO,,31.8,BAJISTA
2026-09-13 20:36:36,74.5,30.7,26.0,39.7,30.3,39.0,NEUTRO,NEUTRO,,NEUTRO,,31.8,BAJISTA
2026-09-13 21:28:14,74.5,30.7,26.0,39.7,30.3,39.0,NEUTRO,NEUTRO,,NEUTRO,,31.8,BAJISTA
2026-09-13 22:29:19,74.5,30.7,26.0,39.7,30.3,39.0,NEUTRO,NEUTRO,,NEUTRO,,31.8,BAJISTA
2026-09-13 23:29:53,74.4,30.6,26.0,39.8,30.3,38.9,NEUTRO,NEUTRO,,NEUTRO,,31.9,BAJISTA
2026-09-14 00:29:32,74.5,30.7,26.0,39.7,30.3,39.0,NEUTRO,NEUTRO,,NEUTRO,,31.8,BAJISTA
2026-09-14 01:27:33,74.4,30.6,26.0,39.8,30.3,38.9,NEUTRO,NEUTRO,,NEUTRO,,31.9,BAJISTA
2026-09-14 02:36:34,74.4,30.6,26.0,39.8,30.3,38.9,NEUTRO,NEUTRO,,NEUTRO,,31.9,BAJISTA
2026-09-14 03:30:23,74.4,30.6,26.0,99.4,30.3,19.1,RISK-OFF,NEUTRO,,NEUTRO,,51.8,MIXTO
2026-09-14 04:32:29,74.5,30.7,26.0,45.8,30.3,37.0,NEUTRO,NEUTRO,,NEUTRO,,33.9,BAJISTA
2026-09-14 05:30:46,74.4,30.6,26.0,73.5,30.3,27.7,RISK-OFF,NEUTRO,,NEUTRO,,43.1,MIXTO
2026-09-14 06:29:24,74.5,30.7,26.0,30.5,30.3,42.1,NEUTRO,NEUTRO,,NEUTRO,,28.8,BAJISTA
2026-09-14 07:29:41,74.4,30.6,26.0,39.0,30.3,39.2,NEUTRO,NEUTRO,,NEUTRO,,31.6,BAJISTA
2026-09-14 08:35:29,74.5,30.7,26.0,55.3,30.3,33.8,RISK-OFF,NEUTRO,,NEUTRO,,37.0,MIXTO
2026-09-14 09:31:51,99.4,1.0,2.7,43.6,13.0,20.0,RISK-OFF,BAJISTA,69.23,BAJISTA,71.79,19.1,BAJISTA
2026-09-14 10:31:57,33.2,45.1,44.5,31.5,39.6,52.7,NEUTRO,NEUTRO,,NEUTRO,,46.0,MIXTO
2026-09-14 11:31:30,8.0,45.7,45.3,37.1,52.3,51.3,NEUTRO,ALCISTA,67.65,ALCISTA,64.71,60.5,MIXTO
2026-09-14 12:29:25,11.8,88.0,89.7,65.0,89.5,70.9,RISK-ON,ALCISTA,67.65,ALCISTA,64.71,80.9,ALCISTA
2026-09-14 13:27:10,22.9,80.2,55.9,62.9,30.4,57.7,NEUTRO,NEUTRO,,NEUTRO,,56.8,MIXTO
2026-09-14 14:32:29,51.3,49.3,49.8,58.6,52.3,46.8,NEUTRO,NEUTRO,,NEUTRO,,53.2,MIXTO
2026-09-14 15:28:54,55.8,30.7,41.4,62.9,12.5,36.4,NEUTRO,NEUTRO,,NEUTRO,,39.9,MIXTO
2026-09-14 16:27:54,74.8,16.6,24.0,58.4,15.2,27.4,RISK-OFF,NEUTRO,,NEUTRO,,32.9,BAJISTA
2026-09-14 17:27:40,74.7,16.6,24.1,56.1,15.2,28.2,RISK-OFF,NEUTRO,,NEUTRO,,32.2,BAJISTA
2026-09-14 18:28:49,74.8,16.6,24.0,56.1,15.2,28.2,RISK-OFF,NEUTRO,,NEUTRO,,32.2,BAJISTA
2026-09-14 19:25:28,74.8,16.6,24.0,56.1,15.2,28.2,RISK-OFF,NEUTRO,,NEUTRO,,32.2,BAJISTA
2026-09-14 20:36:37,74.7,16.6,24.1,56.1,15.2,28.2,RISK-OFF,NEUTRO,,NEUTRO,,32.2,BAJISTA
2026-09-14 21:30:29,74.8,16.6,24.0,56.1,15.2,28.2,RISK-OFF,NEUTRO,,NEUTRO,,32.2,BAJISTA
2026-09-14 22:30:19,74.7,16.6,24.1,56.1,15.2,28.2,RISK-OFF,NEUTRO,,NEUTRO,,32.2,BAJISTA
2026-09-14 23:30:23,74.8,16.6,24.0,56.1,15.2,28.2,RISK-OFF,NEUTRO,,NEUTRO,,32.2,BAJISTA
2026-09-15 00:30:27,74.8,16.6,24.0,56.1,15.2,28.2,RISK-OFF,NEUTRO,,NEUTRO,,32.2,BAJISTA
2026-09-15 01:29:13,74.8,16.6,24.0,56.1,15.2,28.2,RISK-OFF,NEUTRO,,NEUTRO,,32.2,BAJISTA
2026-09-15 02:35:49,74.8,16.6,24.0,56.1,15.2,28.2,RISK-OFF,NEUTRO,,NEUTRO,,32.2,BAJISTA
2026-09-15 03:31:03,74.7,16.6,24.1,92.2,15.2,16.2,RISK-OFF,NEUTRO,,NEUTRO,,44.2,MIXTO
2026-09-15 04:32:09,74.8,16.6,24.0,77.9,15.2,20.9,RISK-OFF,NEUTRO,,NEUTRO,,39.4,MIXTO
2026-09-15 05:34:20,74.8,16.6,24.0,75.8,15.2,21.6,RISK-OFF,NEUTRO,,NEUTRO,,38.7,MIXTO
2026-09-15 06:29:19,74.7,16.6,24.1,33.4,15.2,35.8,NEUTRO,NEUTRO,,NEUTRO,,24.6,BAJISTA
2026-09-15 07:27:35,74.7,16.6,24.1,36.6,15.2,34.7,RISK-OFF,NEUTRO,,NEUTRO,,25.7,BAJISTA
2026-09-15 08:33:40,74.7,16.6,24.1,40.9,15.2,33.3,RISK-OFF,NEUTRO,,NEUTRO,,27.1,BAJISTA
2026-09-15 09:29:44,74.8,16.6,24.0,58.5,15.2,27.4,RISK-OFF,NEUTRO,,NEUTRO,,33.0,BAJISTA
2026-09-15 10:28:49,83.8,12.5,6.6,92.2,6.4,9.0,RISK-OFF,BAJISTA,69.23,BAJISTA,71.79,38.3,MIXTO
2026-09-15 11:27:34,56.9,27.5,43.6,39.2,90.5,44.0,NEUTRO,NEUTRO,,NEUTRO,,57.6,MIXTO
2026-09-15 12:28:58,66.1,51.1,57.6,78.9,39.8,43.3,NEUTRO,NEUTRO,,NEUTRO,,50.9,MIXTO
2026-09-15 13:25:48,55.5,28.6,25.5,64.5,10.7,29.9,RISK-OFF,NEUTRO,,NEUTRO,,39.9,MIXTO
2026-09-15 14:29:22,29.3,60.6,68.8,23.9,88.4,68.5,RISK-ON,NEUTRO,,NEUTRO,,61.0,MIXTO
2026-09-15 15:26:45,64.2,25.4,31.1,52.5,42.9,34.7,RISK-OFF,NEUTRO,,NEUTRO,,43.7,MIXTO
2026-09-15 16:27:01,52.1,53.6,60.4,28.0,30.4,62.0,NEUTRO,NEUTRO,,NEUTRO,,35.4,MIXTO
2026-09-15 17:26:13,52.1,53.6,60.4,22.4,30.4,63.9,NEUTRO,NEUTRO,,NEUTRO,,33.6,BAJISTA
2026-09-15 18:27:05,52.2,53.5,60.4,22.4,30.4,63.8,NEUTRO,NEUTRO,,NEUTRO,,33.5,BAJISTA
2026-09-15 19:25:45,52.2,53.5,60.4,22.4,30.4,63.8,NEUTRO,NEUTRO,,NEUTRO,,33.5,BAJISTA
2026-09-15 20:34:24,52.2,53.5,60.4,22.4,30.4,63.8,NEUTRO,NEUTRO,,NEUTRO,,33.5,BAJISTA
2026-09-15 21:26:41,52.2,53.5,60.4,22.4,30.4,63.8,NEUTRO,NEUTRO,,NEUTRO,,33.5,BAJISTA
2026-09-15 22:28:45,52.2,53.5,60.4,22.4,30.4,63.8,NEUTRO,NEUTRO,,NEUTRO,,33.5,BAJISTA
2026-09-15 23:28:29,52.2,53.5,60.4,22.4,30.4,63.8,NEUTRO,NEUTRO,,NEUTRO,,33.5,BAJISTA
2026-09-16 00:28:59,52.1,53.6,60.4,22.4,30.4,63.9,NEUTRO,NEUTRO,,NEUTRO,,33.6,BAJISTA
2026-09-16 01:27:58,52.2,53.5,60.4,22.4,30.4,63.8,NEUTRO,NEUTRO,,NEUTRO,,33.5,BAJISTA
2026-09-16 02:34:39,52.2,53.5,60.4,22.4,30.4,63.8,NEUTRO,NEUTRO,,NEUTRO,,33.5,BAJISTA
2026-09-16 03:29:15,52.2,53.5,60.4,22.4,30.4,63.8,NEUTRO,NEUTRO,,NEUTRO,,33.5,BAJISTA
2026-09-16 04:30:16,52.2,53.5,60.4,74.3,30.4,46.5,NEUTRO,NEUTRO,,NEUTRO,,50.8,MIXTO
2026-09-16 05:28:40,52.1,53.6,60.4,64.8,30.4,49.7,NEUTRO,NEUTRO,,NEUTRO,,47.7,MIXTO
2026-09-16 06:29:50,52.2,53.5,60.4,62.8,30.4,50.4,NEUTRO,NEUTRO,,NEUTRO,,47.0,MIXTO
2026-09-16 07:28:20,52.1,53.6,60.4,34.8,30.4,59.7,NEUTRO,NEUTRO,,NEUTRO,,37.7,MIXTO
2026-09-16 08:34:44,52.1,53.6,60.4,56.3,30.4,52.6,NEUTRO,NEUTRO,,NEUTRO,,44.9,MIXTO
2026-09-16 09:30:06,77.5,91.1,87.5,52.3,30.4,75.4,RISK-ON,NEUTRO,,NEUTRO,,35.1,MIXTO
2026-09-16 10:29:17,73.9,95.2,83.5,78.7,97.9,66.7,RISK-ON,NEUTRO,,NEUTRO,,67.6,ALCISTA
2026-09-16 11:28:13,25.7,78.8,83.0,40.6,73.0,73.7,RISK-ON,NEUTRO,,NEUTRO,,62.6,MIXTO
2026-09-16 12:28:26,66.0,29.3,36.2,70.2,37.0,31.8,RISK-OFF,NEUTRO,,NEUTRO,,47.1,MIXTO
2026-09-16 13:26:22,56.9,28.9,35.8,70.2,80.7,31.5,RISK-OFF,NEUTRO,,NEUTRO,,64.7,MIXTO
2026-09-16 14:31:10,56.6,33.2,30.3,24.5,33.0,46.3,NEUTRO,NEUTRO,,NEUTRO,,33.6,BAJISTA
2026-09-16 15:26:51,97.0,1.5,0.7,89.5,0.9,4.2,RISK-OFF,BAJISTA,69.23,BAJISTA,71.79,31.1,BAJISTA
2026-09-16 16:28:27,31.0,89.4,91.9,81.2,39.9,66.7,RISK-ON,NEUTRO,,NEUTRO,,63.4,MIXTO
2026-09-16 17:29:46,31.1,89.4,91.9,80.6,39.8,66.9,RISK-ON,NEUTRO,,NEUTRO,,63.1,MIXTO
2026-09-16 18:26:54,31.0,89.4,91.9,80.6,39.9,66.9,RISK-ON,NEUTRO,,NEUTRO,,63.2,MIXTO
2026-09-16 19:26:43,31.1,89.4,91.9,80.6,39.8,66.9,RISK-ON,NEUTRO,,NEUTRO,,63.1,MIXTO
2026-09-16 20:34:52,31.1,89.4,91.9,80.6,39.8,66.9,RISK-ON,NEUTRO,,NEUTRO,,63.1,MIXTO
2026-09-16 21:27:56,31.0,89.4,91.9,80.6,39.9,66.9,RISK-ON,NEUTRO,,NEUTRO,,63.2,MIXTO
2026-09-16 22:28:32,31.0,89.4,91.9,80.6,39.9,66.9,RISK-ON,NEUTRO,,NEUTRO,,63.2,MIXTO
2026-09-16 23:28:49,31.1,89.4,91.9,80.6,39.8,66.9,RISK-ON,NEUTRO,,NEUTRO,,63.1,MIXTO
2026-09-17 00:29:13,31.1,89.4,91.9,80.6,39.8,66.9,RISK-ON,NEUTRO,,NEUTRO,,63.1,MIXTO
2026-09-17 01:27:50,31.1,89.4,91.9,80.6,39.8,66.9,RISK-ON,NEUTRO,,NEUTRO,,63.1,MIXTO
2026-09-17 02:35:08,31.1,89.4,91.9,80.6,39.8,66.9,RISK-ON,NEUTRO,,NEUTRO,,63.1,MIXTO
2026-09-17 03:29:29,31.0,89.4,91.9,80.6,39.9,66.9,RISK-ON,NEUTRO,,NEUTRO,,63.2,MIXTO
2026-09-17 04:30:29,31.0,89.4,91.9,78.3,39.9,67.7,RISK-ON,NEUTRO,,NEUTRO,,62.4,MIXTO
2026-09-17 05:29:10,31.0,89.4,91.9,42.5,39.9,79.6,RISK-ON,NEUTRO,,NEUTRO,,50.5,MIXTO
2026-09-17 06:28:19,31.0,89.4,91.9,35.8,39.9,81.8,RISK-ON,NEUTRO,,NEUTRO,,48.2,MIXTO
2026-09-17 07:27:30,31.0,89.4,91.9,61.3,39.9,73.3,RISK-ON,NEUTRO,,NEUTRO,,56.7,MIXTO
2026-09-17 08:34:02,31.0,89.4,91.9,23.0,39.9,86.1,RISK-ON,NEUTRO,,NEUTRO,,44.0,MIXTO
2026-09-17 09:29:10,31.1,89.4,91.9,55.3,39.8,75.3,RISK-ON,NEUTRO,,NEUTRO,,54.7,MIXTO
2026-09-17 10:29:54,6.9,99.1,98.7,67.6,99.3,76.7,RISK-ON,ALCISTA,67.65,ALCISTA,64.71,86.7,ALCISTA
2026-09-17 11:28:12,85.7,42.6,42.3,49.5,55.8,45.1,NEUTRO,BAJISTA,69.23,BAJISTA,71.79,39.9,MIXTO
2026-09-17 12:28:47,62.4,69.7,73.9,49.3,65.2,64.8,NEUTRO,NEUTRO,,NEUTRO,,50.7,MIXTO
2026-09-17 13:25:35,56.4,37.7,32.5,49.3,16.4,40.3,NEUTRO,NEUTRO,,NEUTRO,,36.4,MIXTO
2026-09-17 14:31:30,51.1,49.8,47.7,47.1,52.3,50.1,NEUTRO,NEUTRO,,NEUTRO,,49.4,MIXTO
2026-09-17 15:26:12,31.0,54.7,46.6,35.3,88.9,55.3,NEUTRO,NEUTRO,,NEUTRO,,64.4,MIXTO
2026-09-17 16:28:22,30.9,55.9,49.9,49.3,39.9,52.2,NEUTRO,NEUTRO,,NEUTRO,,52.8,MIXTO
2026-09-17 17:26:45,31.0,55.9,49.9,57.0,39.8,49.6,NEUTRO,NEUTRO,,NEUTRO,,55.3,MIXTO
2026-09-17 18:25:34,31.0,55.9,49.9,57.0,39.8,49.6,NEUTRO,NEUTRO,,NEUTRO,,55.3,MIXTO
2026-09-17 19:23:34,31.0,55.9,49.9,57.0,39.8,49.6,NEUTRO,NEUTRO,,NEUTRO,,55.3,MIXTO
2026-09-17 20:34:10,31.0,55.9,49.9,57.0,39.8,49.6,NEUTRO,NEUTRO,,NEUTRO,,55.3,MIXTO
2026-09-17 21:26:19,30.9,55.9,49.9,57.0,39.9,49.6,NEUTRO,NEUTRO,,NEUTRO,,55.3,MIXTO
2026-09-17 22:29:18,30.9,55.9,49.9,57.1,39.9,49.6,NEUTRO,NEUTRO,,NEUTRO,,55.4,MIXTO
2026-09-17 23:27:36,31.0,55.9,49.9,57.0,39.8,49.6,NEUTRO,NEUTRO,,NEUTRO,,55.3,MIXTO
2026-09-18 00:28:08,31.0,55.9,49.9,57.0,39.8,49.6,NEUTRO,NEUTRO,,NEUTRO,,55.3,MIXTO
2026-09-18 01:26:22,31.0,55.9,49.9,57.0,39.8,49.6,NEUTRO,NEUTRO,,NEUTRO,,55.3,MIXTO
2026-09-18 02:33:13,30.9,55.9,49.9,57.1,39.9,49.6,NEUTRO,NEUTRO,,NEUTRO,,55.4,MIXTO
2026-09-18 03:27:50,30.9,55.9,49.9,57.1,39.9,49.6,NEUTRO,NEUTRO,,NEUTRO,,55.4,MIXTO
2026-09-18 04:29:08,31.0,55.9,49.9,74.6,39.8,43.7,NEUTRO,NEUTRO,,NEUTRO,,61.1,MIXTO
2026-09-18 05:27:48,31.0,55.9,49.9,51.5,39.8,51.4,NEUTRO,NEUTRO,,NEUTRO,,53.4,MIXTO
2026-09-18 06:27:45,31.0,55.9,49.9,57.0,39.8,49.6,NEUTRO,NEUTRO,,NEUTRO,,55.3,MIXTO
2026-09-18 07:26:28,30.9,55.9,49.9,63.7,39.9,47.4,NEUTRO,NEUTRO,,NEUTRO,,57.6,MIXTO
2026-09-18 08:32:33,31.0,55.9,49.9,78.9,39.8,42.3,NEUTRO,NEUTRO,,NEUTRO,,62.6,MIXTO
2026-09-18 09:27:55,31.0,55.9,49.9,27.4,39.8,59.5,NEUTRO,NEUTRO,,NEUTRO,,45.4,MIXTO
2026-09-18 10:28:00,97.3,50.3,6.2,63.6,0.9,31.0,RISK-OFF,BAJISTA,69.23,BAJISTA,71.79,22.4,BAJISTA
2026-09-18 11:27:40,9.7,59.5,65.4,72.9,72.8,50.7,NEUTRO,ALCISTA,67.65,ALCISTA,64.71,78.7,ALCISTA
2026-09-18 12:26:57,26.4,16.4,13.5,44.3,59.3,28.5,RISK-OFF,NEUTRO,,NEUTRO,,59.1,MIXTO
2026-09-18 13:24:52,12.0,72.5,67.8,47.0,39.8,64.4,NEUTRO,ALCISTA,67.65,ALCISTA,64.71,58.3,MIXTO
2026-09-18 14:29:31,51.0,67.4,75.2,51.6,46.7,63.7,NEUTRO,NEUTRO,,NEUTRO,,49.1,MIXTO
2026-09-18 15:25:42,30.9,76.0,64.0,44.0,36.9,65.3,RISK-ON,NEUTRO,,NEUTRO,,50.0,MIXTO
2026-09-18 16:27:06,65.8,85.3,69.7,36.6,39.8,72.8,RISK-ON,NEUTRO,,NEUTRO,,36.9,MIXTO
2026-09-18 17:26:29,65.8,85.3,69.7,34.7,39.8,73.4,RISK-ON,NEUTRO,,NEUTRO,,36.2,MIXTO
2026-09-18 18:26:27,65.7,85.3,69.7,34.7,39.8,73.4,RISK-ON,NEUTRO,,NEUTRO,,36.3,MIXTO
2026-09-18 19:26:06,65.8,85.3,69.7,34.7,39.8,73.4,RISK-ON,NEUTRO,,NEUTRO,,36.2,MIXTO
2026-09-18 20:34:04,65.8,85.3,69.7,34.7,39.8,73.4,RISK-ON,NEUTRO,,NEUTRO,,36.2,MIXTO
2026-09-18 21:26:43,65.8,85.3,69.7,34.7,39.8,73.4,RISK-ON,NEUTRO,,NEUTRO,,36.2,MIXTO
2026-09-18 22:27:01,65.8,85.3,69.7,34.7,39.8,73.4,RISK-ON,NEUTRO,,NEUTRO,,36.2,MIXTO
2026-09-18 23:27:08,65.8,85.3,69.7,34.7,39.8,73.4,RISK-ON,NEUTRO,,NEUTRO,,36.2,MIXTO
2026-09-19 00:27:08,65.8,85.3,69.7,34.7,39.8,73.4,RISK-ON,NEUTRO,,NEUTRO,,36.2,MIXTO
2026-09-19 01:26:01,65.8,85.3,69.7,34.7,39.8,73.4,RISK-ON,NEUTRO,,NEUTRO,,36.2,MIXTO
2026-09-19 02:31:42,65.8,85.3,69.7,34.7,39.8,73.4,RISK-ON,NEUTRO,,NEUTRO,,36.2,MIXTO
2026-09-19 03:25:43,65.8,85.3,69.7,34.7,39.8,73.4,RISK-ON,NEUTRO,,NEUTRO,,36.2,MIXTO
2026-09-19 04:28:01,65.7,85.3,69.7,34.7,39.8,73.4,RISK-ON,NEUTRO,,NEUTRO,,36.3,MIXTO
2026-09-19 05:26:29,65.7,85.3,69.7,34.7,39.8,73.4,RISK-ON,NEUTRO,,NEUTRO,,36.3,MIXTO
2026-09-19 06:26:21,65.7,85.3,69.7,34.7,39.8,73.4,RISK-ON,NEUTRO,,NEUTRO,,36.3,MIXTO
2026-09-19 07:25:22,65.8,85.3,69.7,34.7,39.8,73.4,RISK-ON,NEUTRO,,NEUTRO,,36.2,MIXTO
2026-09-19 08:31:09,65.8,85.3,69.7,34.7,39.8,73.4,RISK-ON,NEUTRO,,NEUTRO,,36.2,MIXTO
2026-09-19 09:26:23,65.8,85.3,69.7,34.7,39.8,73.4,RISK-ON,NEUTRO,,NEUTRO,,36.2,MIXTO
2026-09-19 10:25:52,65.8,85.3,69.7,34.7,39.8,73.4,RISK-ON,NEUTRO,,NEUTRO,,36.2,MIXTO
2026-09-19 11:25:45,65.8,85.3,69.7,34.7,39.8,73.4,RISK-ON,NEUTRO,,NEUTRO,,36.2,MIXTO
2026-09-19 12:26:51,65.7,85.3,69.7,34.7,39.8,73.4,RISK-ON,NEUTRO,,NEUTRO,,36.3,MIXTO
2026-09-19 13:24:47,65.8,85.3,69.7,34.7,39.8,73.4,RISK-ON,NEUTRO,,NEUTRO,,36.2,MIXTO
2026-09-19 14:28:15,65.8,85.3,69.7,34.7,39.8,73.4,RISK-ON,NEUTRO,,NEUTRO,,36.2,MIXTO
2026-09-19 15:23:53,65.7,85.3,69.7,34.7,39.8,73.4,RISK-ON,NEUTRO,,NEUTRO,,36.3,MIXTO
2026-09-19 16:26:19,65.7,85.3,69.7,34.7,39.8,73.4,RISK-ON,NEUTRO,,NEUTRO,,36.3,MIXTO
2026-09-19 17:25:39,65.8,85.3,69.7,34.7,39.8,73.4,RISK-ON,NEUTRO,,NEUTRO,,36.2,MIXTO
2026-09-19 18:25:37,65.8,85.3,69.7,34.7,39.8,73.4,RISK-ON,NEUTRO,,NEUTRO,,36.2,MIXTO
2026-09-19 19:24:24,65.7,85.3,69.7,34.7,39.8,73.4,RISK-ON,NEUTRO,,NEUTRO,,36.3,MIXTO
2026-09-19 20:35:15,65.8,85.3,69.7,34.7,39.8,73.4,RISK-ON,NEUTRO,,NEUTRO,,36.2,MIXTO
2026-09-19 21:26:29,65.8,85.3,69.7,34.7,39.8,73.4,RISK-ON,NEUTRO,,NEUTRO,,36.2,MIXTO
2026-09-19 22:27:33,65.8,85.3,69.7,34.7,39.8,73.4,RISK-ON,NEUTRO,,NEUTRO,,36.2,MIXTO
2026-09-19 23:28:01,65.8,85.3,69.7,34.7,39.8,73.4,RISK-ON,NEUTRO,,NEUTRO,,36.2,MIXTO
2026-09-20 00:28:19,65.8,85.3,69.7,34.7,39.8,73.4,RISK-ON,NEUTRO,,NEUTRO,,36.2,MIXTO
2026-09-20 01:26:02,65.8,85.3,69.7,34.7,39.8,73.4,RISK-ON,NEUTRO,,NEUTRO,,36.2,MIXTO
2026-09-20 02:32:01,65.7,85.3,69.7,34.7,39.8,73.4,RISK-ON,NEUTRO,,NEUTRO,,36.3,MIXTO
2026-09-20 03:26:15,65.7,85.3,69.7,34.7,39.8,73.4,RISK-ON,NEUTRO,,NEUTRO,,36.3,MIXTO
2026-09-20 04:27:50,65.8,85.3,69.7,34.7,39.8,73.4,RISK-ON,NEUTRO,,NEUTRO,,36.2,MIXTO
2026-09-20 05:26:21,65.8,85.3,69.7,34.7,39.8,73.4,RISK-ON,NEUTRO,,NEUTRO,,36.2,MIXTO
2026-09-20 06:26:24,65.7,85.3,69.7,34.7,39.8,73.4,RISK-ON,NEUTRO,,NEUTRO,,36.3,MIXTO
2026-09-20 07:25:51,65.8,85.3,69.7,34.7,39.8,73.4,RISK-ON,NEUTRO,,NEUTRO,,36.2,MIXTO
2026-09-20 08:31:24,65.7,85.3,69.7,34.7,39.8,73.4,RISK-ON,NEUTRO,,NEUTRO,,36.3,MIXTO
2026-09-20 09:26:30,65.7,85.3,69.7,34.7,39.8,73.4,RISK-ON,NEUTRO,,NEUTRO,,36.3,MIXTO
2026-09-20 10:26:19,65.7,85.3,69.7,34.7,39.8,73.4,RISK-ON,NEUTRO,,NEUTRO,,36.3,MIXTO
2026-09-20 11:26:18,65.8,85.3,69.7,34.7,39.8,73.4,RISK-ON,NEUTRO,,NEUTRO,,36.2,MIXTO
2026-09-20 12:27:28,65.8,85.3,69.7,34.7,39.8,73.4,RISK-ON,NEUTRO,,NEUTRO,,36.2,MIXTO
2026-09-20 13:25:22,65.7,85.3,69.7,34.7,39.8,73.4,RISK-ON,NEUTRO,,NEUTRO,,36.3,MIXTO
2026-09-20 14:28:46,65.8,85.3,69.7,34.7,39.8,73.4,RISK-ON,NEUTRO,,NEUTRO,,36.2,MIXTO
2026-09-20 15:24:18,65.8,85.3,69.7,34.7,39.8,73.4,RISK-ON,NEUTRO,,NEUTRO,,36.2,MIXTO
2026-09-20 16:26:24,65.8,85.3,69.7,34.7,39.8,73.4,RISK-ON,NEUTRO,,NEUTRO,,36.2,MIXTO
2026-09-20 17:26:04,65.8,85.3,69.7,34.7,39.8,73.4,RISK-ON,NEUTRO,,NEUTRO,,36.2,MIXTO
2026-09-20 18:26:00,65.8,85.3,69.7,34.7,39.8,73.4,RISK-ON,NEUTRO,,NEUTRO,,36.2,MIXTO
2026-09-20 19:25:30,65.8,85.3,69.7,34.7,39.8,73.4,RISK-ON,NEUTRO,,NEUTRO,,36.2,MIXTO
2026-09-20 20:35:01,65.8,85.3,69.7,34.7,39.8,73.4,RISK-ON,NEUTRO,,NEUTRO,,36.2,MIXTO
2026-09-20 21:27:54,65.8,85.3,69.7,34.7,39.8,73.4,RISK-ON,NEUTRO,,NEUTRO,,36.2,MIXTO
2026-09-20 22:28:33,65.8,85.3,69.7,34.7,39.8,73.4,RISK-ON,NEUTRO,,NEUTRO,,36.2,MIXTO
2026-09-20 23:29:52,65.8,85.3,69.7,34.7,39.8,73.4,RISK-ON,NEUTRO,,NEUTRO,,36.2,MIXTO
2026-09-21 00:29:16,65.8,85.3,69.7,34.7,39.8,73.4,RISK-ON,NEUTRO,,NEUTRO,,36.2,MIXTO
2026-09-21 01:27:53,65.7,85.3,69.7,34.7,39.8,73.4,RISK-ON,NEUTRO,,NEUTRO,,36.3,MIXTO
2026-09-21 02:36:08,65.7,85.3,69.7,34.7,39.8,73.4,RISK-ON,NEUTRO,,NEUTRO,,36.3,MIXTO
2026-09-21 03:29:58,65.8,85.3,69.7,34.7,39.8,73.4,RISK-ON,NEUTRO,,NEUTRO,,36.2,MIXTO
2026-09-21 04:29:53,65.7,85.3,69.7,55.4,39.8,66.5,RISK-ON,NEUTRO,,NEUTRO,,43.2,MIXTO
2026-09-21 05:28:45,65.8,85.3,69.7,55.3,39.8,66.6,RISK-ON,NEUTRO,,NEUTRO,,43.1,MIXTO
2026-09-21 06:27:49,65.7,85.3,69.7,46.7,39.8,69.4,RISK-ON,NEUTRO,,NEUTRO,,40.3,MIXTO
2026-09-21 07:28:42,65.8,85.3,69.7,51.4,39.8,67.9,RISK-ON,NEUTRO,,NEUTRO,,41.8,MIXTO
2026-09-21 08:31:18,65.8,85.3,69.7,64.0,39.8,63.7,NEUTRO,NEUTRO,,NEUTRO,,46.0,MIXTO
2026-09-21 09:27:48,65.8,85.3,69.7,55.3,39.8,66.6,RISK-ON,NEUTRO,,NEUTRO,,43.1,MIXTO
2026-09-21 10:28:55,93.9,99.5,98.7,20.4,98.6,92.6,RISK-ON,BAJISTA,69.23,BAJISTA,71.79,41.7,MIXTO
2026-09-21 11:26:22,53.0,75.9,72.9,70.3,36.9,59.5,NEUTRO,NEUTRO,,NEUTRO,,51.4,MIXTO
2026-09-21 12:28:40,39.9,85.8,88.2,73.3,72.8,66.9,RISK-ON,NEUTRO,,NEUTRO,,68.7,ALCISTA
2026-09-21 13:25:03,56.5,42.4,69.4,41.5,27.6,56.8,NEUTRO,NEUTRO,,NEUTRO,,37.5,MIXTO
2026-09-21 14:31:07,58.3,46.6,48.0,46.8,52.8,49.3,NEUTRO,NEUTRO,,NEUTRO,,47.1,MIXTO
2026-09-21 15:27:15,53.9,74.4,58.8,59.6,84.5,57.9,NEUTRO,NEUTRO,,NEUTRO,,63.4,MIXTO
2026-09-21 16:27:12,86.5,40.0,31.4,62.0,68.0,36.5,NEUTRO,BAJISTA,69.23,BAJISTA,71.79,47.8,MIXTO
2026-09-21 17:27:05,86.6,40.1,31.5,70.1,68.0,33.8,RISK-OFF,BAJISTA,69.23,BAJISTA,71.79,50.5,MIXTO
2026-09-21 18:27:09,86.5,40.0,31.4,70.2,68.0,33.7,RISK-OFF,BAJISTA,69.23,BAJISTA,71.79,50.6,MIXTO
2026-09-21 19:27:01,86.6,40.1,31.5,70.1,68.0,33.8,RISK-OFF,BAJISTA,69.23,BAJISTA,71.79,50.5,MIXTO
2026-09-21 20:34:11,86.6,40.1,31.5,70.1,68.0,33.8,RISK-OFF,BAJISTA,69.23,BAJISTA,71.79,50.5,MIXTO
2026-09-21 21:26:45,86.5,40.0,31.4,70.2,68.0,33.7,RISK-OFF,BAJISTA,69.23,BAJISTA,71.79,50.6,MIXTO
2026-09-21 22:28:15,86.5,40.0,31.4,70.2,68.0,33.7,RISK-OFF,BAJISTA,69.23,BAJISTA,71.79,50.6,MIXTO
2026-09-21 23:28:21,86.6,40.1,31.5,70.1,68.0,33.8,RISK-OFF,BAJISTA,69.23,BAJISTA,71.79,50.5,MIXTO
2026-09-22 00:28:07,86.6,40.1,31.5,70.1,68.0,33.8,RISK-OFF,BAJISTA,69.23,BAJISTA,71.79,50.5,MIXTO
2026-09-22 01:27:14,86.6,40.1,31.5,70.1,68.0,33.8,RISK-OFF,BAJISTA,69.23,BAJISTA,71.79,50.5,MIXTO
2026-09-22 02:33:46,86.5,40.0,31.4,70.2,68.0,33.7,RISK-OFF,BAJISTA,69.23,BAJISTA,71.79,50.6,MIXTO
2026-09-22 03:28:05,86.5,40.0,31.4,70.2,68.0,33.7,RISK-OFF,BAJISTA,69.23,BAJISTA,71.79,50.6,MIXTO
2026-09-22 04:29:19,86.5,40.0,31.4,59.8,68.0,37.2,NEUTRO,BAJISTA,69.23,BAJISTA,71.79,47.1,MIXTO
2026-09-22 05:27:26,86.6,40.1,31.5,59.7,68.0,37.3,NEUTRO,BAJISTA,69.23,BAJISTA,71.79,47.0,MIXTO
2026-09-22 06:29:03,86.6,40.1,31.5,62.0,68.0,36.5,NEUTRO,BAJISTA,69.23,BAJISTA,71.79,47.8,MIXTO
2026-09-22 07:27:01,86.6,40.1,31.5,57.3,68.0,38.1,NEUTRO,BAJISTA,69.23,BAJISTA,71.79,46.2,MIXTO
2026-09-22 08:33:13,86.6,40.1,31.5,46.5,68.0,41.7,NEUTRO,BAJISTA,69.23,BAJISTA,71.79,42.6,MIXTO
2026-09-22 09:29:34,86.6,40.1,31.5,49.0,68.0,40.9,NEUTRO,BAJISTA,69.23,BAJISTA,71.79,43.5,MIXTO
2026-09-22 10:29:00,56.3,93.6,50.5,12.7,65.2,77.1,RISK-ON,NEUTRO,,NEUTRO,,40.5,MIXTO
2026-09-22 11:27:38,82.5,34.8,47.9,34.1,13.9,49.5,NEUTRO,BAJISTA,69.23,BAJISTA,71.79,21.8,BAJISTA
2026-09-22 12:29:25,83.3,28.6,34.0,38.4,12.3,41.4,NEUTRO,BAJISTA,69.23,BAJISTA,71.79,22.5,BAJISTA
2026-09-22 13:26:53,51.2,73.3,58.9,49.0,39.9,61.1,NEUTRO,NEUTRO,,NEUTRO,,45.9,MIXTO
2026-09-22 14:31:40,51.1,48.1,48.6,62.2,55.8,44.8,NEUTRO,NEUTRO,,NEUTRO,,55.6,MIXTO
2026-09-22 15:25:41,53.0,61.3,56.1,51.3,75.2,55.4,NEUTRO,NEUTRO,,NEUTRO,,57.8,MIXTO
2026-09-22 16:27:06,40.0,53.6,24.2,38.2,65.3,46.5,NEUTRO,NEUTRO,,NEUTRO,,54.5,MIXTO
2026-09-22 17:25:53,40.0,53.6,24.2,36.0,65.3,47.3,NEUTRO,NEUTRO,,NEUTRO,,53.8,MIXTO
2026-09-22 18:26:18,40.0,53.6,24.2,36.0,65.3,47.3,NEUTRO,NEUTRO,,NEUTRO,,53.8,MIXTO
2026-09-22 19:25:22,40.0,53.6,24.2,36.0,65.3,47.3,NEUTRO,NEUTRO,,NEUTRO,,53.8,MIXTO
2026-09-22 20:32:53,39.9,53.6,24.3,36.1,65.3,47.3,NEUTRO,NEUTRO,,NEUTRO,,53.8,MIXTO
2026-09-22 21:27:38,40.0,53.6,24.2,36.0,65.3,47.3,NEUTRO,NEUTRO,,NEUTRO,,53.8,MIXTO
2026-09-22 22:28:09,39.9,53.6,24.3,36.1,65.3,47.3,NEUTRO,NEUTRO,,NEUTRO,,53.8,MIXTO
2026-09-22 23:28:43,40.0,53.6,24.2,36.0,65.3,47.3,NEUTRO,NEUTRO,,NEUTRO,,53.8,MIXTO
2026-09-23 00:28:33,39.9,53.6,24.3,36.1,65.3,47.3,NEUTRO,NEUTRO,,NEUTRO,,53.8,MIXTO
2026-09-23 01:27:23,39.9,53.6,24.3,36.1,65.3,47.3,NEUTRO,NEUTRO,,NEUTRO,,53.8,MIXTO
2026-09-23 02:34:32,40.0,53.6,24.2,36.0,65.3,47.3,NEUTRO,NEUTRO,,NEUTRO,,53.8,MIXTO
2026-09-23 03:29:00,40.0,53.6,24.2,36.0,65.3,47.3,NEUTRO,NEUTRO,,NEUTRO,,53.8,MIXTO
2026-09-23 04:29:30,39.9,53.6,24.3,49.0,65.3,43.0,NEUTRO,NEUTRO,,NEUTRO,,58.1,MIXTO
2026-09-23 05:28:19,40.0,53.6,24.2,55.4,65.3,40.8,NEUTRO,NEUTRO,,NEUTRO,,60.2,MIXTO
2026-09-23 06:28:24,40.0,53.6,24.2,48.9,65.3,43.0,NEUTRO,NEUTRO,,NEUTRO,,58.1,MIXTO
2026-09-23 07:28:30,39.9,53.6,24.3,57.5,65.3,40.1,NEUTRO,NEUTRO,,NEUTRO,,61.0,MIXTO
2026-09-23 08:33:36,40.0,53.6,24.2,72.3,65.3,35.2,NEUTRO,NEUTRO,,NEUTRO,,65.9,ALCISTA
2026-09-23 09:29:43,40.0,53.6,24.2,55.4,65.3,40.8,NEUTRO,NEUTRO,,NEUTRO,,60.2,MIXTO
2026-09-23 10:29:41,99.6,2.3,3.9,88.0,0.3,6.1,RISK-OFF,BAJISTA,69.23,BAJISTA,71.79,29.6,BAJISTA
2026-09-23 11:29:05,23.1,85.1,54.5,75.0,7.3,54.9,NEUTRO,NEUTRO,,NEUTRO,,53.1,MIXTO
2026-09-23 12:30:14,57.6,51.6,50.7,59.7,52.5,47.5,NEUTRO,NEUTRO,,NEUTRO,,51.5,MIXTO
2026-09-23 13:27:40,85.9,26.6,20.7,90.7,4.3,18.9,RISK-OFF,BAJISTA,69.23,BAJISTA,71.79,36.4,MIXTO
2026-09-23 14:31:23,18.6,39.6,40.6,51.5,62.4,42.9,NEUTRO,ALCISTA,67.65,ALCISTA,64.71,65.1,ALCISTA
2026-09-23 15:26:54,51.0,39.9,26.1,51.5,87.6,38.2,NEUTRO,NEUTRO,,NEUTRO,,62.7,MIXTO
2026-09-23 16:28:20,55.8,56.5,51.6,41.6,77.0,55.5,NEUTRO,NEUTRO,,NEUTRO,,54.3,MIXTO
2026-09-23 17:27:15,55.8,56.5,51.6,41.6,77.0,55.5,NEUTRO,NEUTRO,,NEUTRO,,54.3,MIXTO
2026-09-23 18:26:52,55.8,56.5,51.6,41.6,77.0,55.5,NEUTRO,NEUTRO,,NEUTRO,,54.3,MIXTO
2026-09-23 19:23:49,55.8,56.5,51.6,41.6,77.0,55.5,NEUTRO,NEUTRO,,NEUTRO,,54.3,MIXTO
2026-09-23 20:35:14,55.7,56.5,51.6,41.7,77.1,55.5,NEUTRO,NEUTRO,,NEUTRO,,54.4,MIXTO
2026-09-23 21:27:08,55.8,56.5,51.6,41.6,77.0,55.5,NEUTRO,NEUTRO,,NEUTRO,,54.3,MIXTO
2026-09-23 22:28:27,55.8,56.5,51.6,41.6,77.0,55.5,NEUTRO,NEUTRO,,NEUTRO,,54.3,MIXTO
2026-09-23 23:28:35,55.7,56.5,51.6,41.7,77.1,55.5,NEUTRO,NEUTRO,,NEUTRO,,54.4,MIXTO
2026-09-24 00:28:55,55.8,56.5,51.6,41.6,77.0,55.5,NEUTRO,NEUTRO,,NEUTRO,,54.3,MIXTO
2026-09-24 01:27:28,55.8,56.5,51.6,41.6,77.0,55.5,NEUTRO,NEUTRO,,NEUTRO,,54.3,MIXTO
2026-09-24 02:34:16,55.8,56.5,51.6,41.6,77.0,55.5,NEUTRO,NEUTRO,,NEUTRO,,54.3,MIXTO
2026-09-24 03:29:03,55.8,56.5,51.6,41.6,77.0,55.5,NEUTRO,NEUTRO,,NEUTRO,,54.3,MIXTO
2026-09-24 04:30:25,55.8,56.5,51.6,81.8,77.0,42.1,NEUTRO,NEUTRO,,NEUTRO,,67.7,ALCISTA
2026-09-24 05:30:05,55.8,56.5,51.6,52.1,77.0,52.0,NEUTRO,NEUTRO,,NEUTRO,,57.8,MIXTO
2026-09-24 06:28:50,55.8,56.5,51.6,47.5,77.0,53.5,NEUTRO,NEUTRO,,NEUTRO,,56.2,MIXTO
2026-09-24 07:28:27,55.8,56.5,51.6,74.9,77.0,44.4,NEUTRO,NEUTRO,,NEUTRO,,65.4,ALCISTA
2026-09-24 08:34:58,55.8,56.5,51.6,42.4,77.0,55.2,NEUTRO,NEUTRO,,NEUTRO,,54.5,MIXTO
2026-09-24 09:30:00,55.7,56.5,5.1,47.4,77.1,38.1,NEUTRO,NEUTRO,,NEUTRO,,56.3,MIXTO
2026-09-24 10:30:08,93.9,46.5,46.5,35.4,46.8,52.5,NEUTRO,BAJISTA,69.23,BAJISTA,71.79,29.4,BAJISTA
2026-09-24 11:29:44,76.8,11.0,9.5,86.7,1.8,11.3,RISK-OFF,NEUTRO,,NEUTRO,,37.2,MIXTO
2026-09-24 12:30:08,8.1,45.1,45.3,70.8,52.3,39.9,NEUTRO,ALCISTA,67.65,ALCISTA,64.71,71.7,ALCISTA
2026-09-24 13:27:04,78.7,52.7,34.0,67.8,17.5,39.6,NEUTRO,NEUTRO,,NEUTRO,,35.5,MIXTO
2026-09-24 14:31:54,50.9,43.6,41.3,33.4,52.3,50.5,NEUTRO,NEUTRO,,NEUTRO,,44.9,MIXTO
2026-09-24 15:26:43,51.1,62.6,52.7,75.4,6.5,46.6,NEUTRO,NEUTRO,,NEUTRO,,43.6,MIXTO
2026-09-24 16:29:29,23.4,52.6,38.0,71.2,18.8,39.8,NEUTRO,NEUTRO,,NEUTRO,,55.5,MIXTO
2026-09-24 17:26:50,23.4,52.6,38.0,76.4,18.8,38.1,NEUTRO,NEUTRO,,NEUTRO,,57.3,MIXTO
2026-09-24 18:27:43,23.4,52.6,38.0,76.4,18.8,38.1,NEUTRO,NEUTRO,,NEUTRO,,57.3,MIXTO
2026-09-24 19:26:10,23.3,52.7,38.0,76.4,18.7,38.1,NEUTRO,NEUTRO,,NEUTRO,,57.3,MIXTO
2026-09-24 20:36:02,23.4,52.6,38.0,76.4,18.8,38.1,NEUTRO,NEUTRO,,NEUTRO,,57.3,MIXTO
2026-09-24 21:26:15,23.4,52.6,38.0,76.4,18.8,38.1,NEUTRO,NEUTRO,,NEUTRO,,57.3,MIXTO
2026-09-24 22:27:38,23.4,52.6,38.0,76.4,18.8,38.1,NEUTRO,NEUTRO,,NEUTRO,,57.3,MIXTO
2026-09-24 23:27:39,23.4,52.6,38.0,76.4,18.8,38.1,NEUTRO,NEUTRO,,NEUTRO,,57.3,MIXTO
2026-09-25 00:29:13,23.4,52.6,38.0,76.4,18.8,38.1,NEUTRO,NEUTRO,,NEUTRO,,57.3,MIXTO
2026-09-25 01:27:25,23.3,52.7,38.0,76.4,18.7,38.1,NEUTRO,NEUTRO,,NEUTRO,,57.3,MIXTO
2026-09-25 02:34:36,23.4,52.6,38.0,76.4,18.8,38.1,NEUTRO,NEUTRO,,NEUTRO,,57.3,MIXTO
2026-09-25 03:29:25,23.3,52.7,38.0,76.4,18.7,38.1,NEUTRO,NEUTRO,,NEUTRO,,57.3,MIXTO
2026-09-25 04:30:27,23.4,52.6,38.0,47.1,18.8,47.8,NEUTRO,NEUTRO,,NEUTRO,,47.5,MIXTO
2026-09-25 05:29:40,23.3,52.7,38.0,44.4,18.7,48.8,NEUTRO,NEUTRO,,NEUTRO,,46.6,MIXTO
2026-09-25 06:28:55,23.4,52.6,38.0,55.3,18.8,45.1,NEUTRO,NEUTRO,,NEUTRO,,50.2,MIXTO
2026-09-25 07:28:16,23.4,52.6,38.0,23.9,18.8,55.6,NEUTRO,NEUTRO,,NEUTRO,,39.8,MIXTO
2026-09-25 08:34:32,23.4,52.6,38.0,75.8,18.8,38.3,NEUTRO,NEUTRO,,NEUTRO,,57.1,MIXTO
2026-09-25 09:29:56,23.4,52.6,38.0,36.9,18.8,51.2,NEUTRO,NEUTRO,,NEUTRO,,44.1,MIXTO
2026-09-25 10:29:59,4.7,39.5,51.0,96.1,10.7,31.5,RISK-OFF,ALCISTA,67.65,ALCISTA,64.71,67.4,ALCISTA
2026-09-25 11:29:22,40.0,83.1,81.6,47.1,80.6,72.5,RISK-ON,NEUTRO,,NEUTRO,,62.6,MIXTO
2026-09-25 12:30:23,31.8,40.5,42.6,30.7,52.3,50.8,NEUTRO,NEUTRO,,NEUTRO,,50.4,MIXTO
2026-09-25 13:27:43,72.9,41.4,36.7,55.3,8.0,40.9,NEUTRO,NEUTRO,,NEUTRO,,30.1,BAJISTA
2026-09-25 14:30:04,18.6,48.8,47.5,44.0,53.0,50.8,NEUTRO,ALCISTA,67.65,ALCISTA,64.71,59.5,MIXTO
2026-09-25 15:26:16,38.7,35.3,32.8,57.3,97.4,36.9,NEUTRO,NEUTRO,,NEUTRO,,72.0,ALCISTA
2026-09-25 16:27:30,55.8,60.5,73.6,68.3,75.2,55.3,NEUTRO,NEUTRO,,NEUTRO,,62.6,MIXTO
2026-09-25 17:27:41,55.9,60.4,73.6,61.9,75.2,57.4,NEUTRO,NEUTRO,,NEUTRO,,60.4,MIXTO
2026-09-25 18:27:19,55.8,60.5,73.6,62.0,75.2,57.4,NEUTRO,NEUTRO,,NEUTRO,,60.5,MIXTO
2026-09-25 19:25:46,55.9,60.4,73.6,61.9,75.2,57.4,NEUTRO,NEUTRO,,NEUTRO,,60.4,MIXTO
2026-09-25 20:34:13,55.9,60.4,73.6,61.9,75.2,57.4,NEUTRO,NEUTRO,,NEUTRO,,60.4,MIXTO
2026-09-25 21:26:21,55.9,60.4,73.6,61.9,75.2,57.4,NEUTRO,NEUTRO,,NEUTRO,,60.4,MIXTO
2026-09-25 22:27:33,55.9,60.4,73.6,61.9,75.2,57.4,NEUTRO,NEUTRO,,NEUTRO,,60.4,MIXTO
2026-09-25 23:27:45,55.9,60.4,73.6,61.9,75.2,57.4,NEUTRO,NEUTRO,,NEUTRO,,60.4,MIXTO
2026-09-26 00:28:08,55.9,60.4,73.6,61.9,75.2,57.4,NEUTRO,NEUTRO,,NEUTRO,,60.4,MIXTO
2026-09-26 01:26:52,55.9,60.4,73.6,61.9,75.2,57.4,NEUTRO,NEUTRO,,NEUTRO,,60.4,MIXTO
2026-09-26 02:33:06,55.9,60.4,73.6,61.9,75.2,57.4,NEUTRO,NEUTRO,,NEUTRO,,60.4,MIXTO
2026-09-26 03:26:57,55.9,60.4,73.6,61.9,75.2,57.4,NEUTRO,NEUTRO,,NEUTRO,,60.4,MIXTO
2026-09-26 04:28:50,55.9,60.4,73.6,61.9,75.2,57.4,NEUTRO,NEUTRO,,NEUTRO,,60.4,MIXTO
2026-09-26 05:26:45,55.8,60.5,73.6,62.0,75.2,57.4,NEUTRO,NEUTRO,,NEUTRO,,60.5,MIXTO
2026-09-26 06:26:55,55.8,60.5,73.6,62.0,75.2,57.4,NEUTRO,NEUTRO,,NEUTRO,,60.5,MIXTO
2026-09-26 07:26:13,55.9,60.4,73.6,61.9,75.2,57.4,NEUTRO,NEUTRO,,NEUTRO,,60.4,MIXTO
2026-09-26 08:32:01,55.9,60.4,73.6,61.9,75.2,57.4,NEUTRO,NEUTRO,,NEUTRO,,60.4,MIXTO
2026-09-26 09:26:10,55.8,60.5,73.6,62.0,75.2,57.4,NEUTRO,NEUTRO,,NEUTRO,,60.5,MIXTO
2026-09-26 10:27:42,55.8,60.5,73.6,62.0,75.2,57.4,NEUTRO,NEUTRO,,NEUTRO,,60.5,MIXTO
2026-09-26 11:27:37,55.9,60.4,73.6,61.9,75.2,57.4,NEUTRO,NEUTRO,,NEUTRO,,60.4,MIXTO
2026-09-26 12:28:24,55.9,60.4,73.6,61.9,75.2,57.4,NEUTRO,NEUTRO,,NEUTRO,,60.4,MIXTO
2026-09-26 13:26:59,55.9,60.4,73.6,61.9,75.2,57.4,NEUTRO,NEUTRO,,NEUTRO,,60.4,MIXTO
2026-09-26 14:30:37,55.9,60.4,73.6,61.9,75.2,57.4,NEUTRO,NEUTRO,,NEUTRO,,60.4,MIXTO
2026-09-26 15:25:20,55.9,60.4,73.6,61.9,75.2,57.4,NEUTRO,NEUTRO,,NEUTRO,,60.4,MIXTO
2026-09-26 16:27:02,55.9,60.4,73.6,61.9,75.2,57.4,NEUTRO,NEUTRO,,NEUTRO,,60.4,MIXTO
2026-09-26 17:27:26,55.8,60.5,73.6,62.0,75.2,57.4,NEUTRO,NEUTRO,,NEUTRO,,60.5,MIXTO
2026-09-26 18:26:52,55.9,60.4,73.6,61.9,75.2,57.4,NEUTRO,NEUTRO,,NEUTRO,,60.4,MIXTO
2026-09-26 19:26:07,55.9,60.4,73.6,61.9,75.2,57.4,NEUTRO,NEUTRO,,NEUTRO,,60.4,MIXTO
2026-09-26 20:36:45,55.9,60.4,73.6,61.9,75.2,57.4,NEUTRO,NEUTRO,,NEUTRO,,60.4,MIXTO
2026-09-26 21:27:39,55.9,60.4,73.6,61.9,75.2,57.4,NEUTRO,NEUTRO,,NEUTRO,,60.4,MIXTO
2026-09-26 22:28:57,55.9,60.4,73.6,61.9,75.2,57.4,NEUTRO,NEUTRO,,NEUTRO,,60.4,MIXTO
2026-09-26 23:28:46,55.8,60.5,73.6,62.0,75.2,57.4,NEUTRO,NEUTRO,,NEUTRO,,60.5,MIXTO
2026-09-27 00:28:32,55.9,60.4,73.6,61.9,75.2,57.4,NEUTRO,NEUTRO,,NEUTRO,,60.4,MIXTO
2026-09-27 01:26:47,55.8,60.5,73.6,62.0,75.2,57.4,NEUTRO,NEUTRO,,NEUTRO,,60.5,MIXTO
2026-09-27 02:33:44,55.8,60.5,73.6,62.0,75.2,57.4,NEUTRO,NEUTRO,,NEUTRO,,60.5,MIXTO
2026-09-27 03:27:48,55.9,60.4,73.6,61.9,75.2,57.4,NEUTRO,NEUTRO,,NEUTRO,,60.4,MIXTO
2026-09-27 04:28:43,55.9,60.4,73.6,61.9,75.2,57.4,NEUTRO,NEUTRO,,NEUTRO,,60.4,MIXTO
2026-09-27 05:27:39,55.8,60.5,73.6,62.0,75.2,57.4,NEUTRO,NEUTRO,,NEUTRO,,60.5,MIXTO
2026-09-27 06:27:11,55.8,60.5,73.6,62.0,75.2,57.4,NEUTRO,NEUTRO,,NEUTRO,,60.5,MIXTO
2026-09-27 07:27:07,55.9,60.4,73.6,61.9,75.2,57.4,NEUTRO,NEUTRO,,NEUTRO,,60.4,MIXTO
2026-09-27 08:33:15,55.9,60.4,73.6,61.9,75.2,57.4,NEUTRO,NEUTRO,,NEUTRO,,60.4,MIXTO
2026-09-27 09:27:12,55.8,60.5,73.6,62.0,75.2,57.4,NEUTRO,NEUTRO,,NEUTRO,,60.5,MIXTO
2026-09-27 10:27:02,55.9,60.4,73.6,61.9,75.2,57.4,NEUTRO,NEUTRO,,NEUTRO,,60.4,MIXTO
2026-09-27 11:27:39,55.8,60.5,73.6,62.0,75.2,57.4,NEUTRO,NEUTRO,,NEUTRO,,60.5,MIXTO
2026-09-27 12:28:33,55.8,60.5,73.6,62.0,75.2,57.4,NEUTRO,NEUTRO,,NEUTRO,,60.5,MIXTO
2026-09-27 13:26:18,55.8,60.5,73.6,62.0,75.2,57.4,NEUTRO,NEUTRO,,NEUTRO,,60.5,MIXTO
2026-09-27 14:30:42,55.9,60.4,73.6,61.9,75.2,57.4,NEUTRO,NEUTRO,,NEUTRO,,60.4,MIXTO
2026-09-27 15:25:42,55.9,60.4,73.6,61.9,75.2,57.4,NEUTRO,NEUTRO,,NEUTRO,,60.4,MIXTO
2026-09-27 16:27:09,55.9,60.4,73.6,61.9,75.2,57.4,NEUTRO,NEUTRO,,NEUTRO,,60.4,MIXTO
2026-09-27 17:27:23,55.9,60.4,73.6,61.9,75.2,57.4,NEUTRO,NEUTRO,,NEUTRO,,60.4,MIXTO
2026-09-27 18:27:53,55.8,60.5,73.6,62.0,75.2,57.4,NEUTRO,NEUTRO,,NEUTRO,,60.5,MIXTO
2026-09-27 19:26:16,55.9,60.4,73.6,61.9,75.2,57.4,NEUTRO,NEUTRO,,NEUTRO,,60.4,MIXTO
2026-09-27 20:37:51,55.9,60.4,73.6,61.9,75.2,57.4,NEUTRO,NEUTRO,,NEUTRO,,60.4,MIXTO
2026-09-27 21:28:22,55.8,60.5,73.6,62.0,75.2,57.4,NEUTRO,NEUTRO,,NEUTRO,,60.5,MIXTO
2026-09-27 22:29:25,55.9,60.4,73.6,61.9,75.2,57.4,NEUTRO,NEUTRO,,NEUTRO,,60.4,MIXTO
2026-09-27 23:30:46,55.9,60.4,73.6,61.9,75.2,57.4,NEUTRO,NEUTRO,,NEUTRO,,60.4,MIXTO
2026-09-28 00:31:06,55.8,60.5,73.6,62.0,75.2,57.4,NEUTRO,NEUTRO,,NEUTRO,,60.5,MIXTO
2026-09-28 01:30:01,55.9,60.4,73.6,61.9,75.2,57.4,NEUTRO,NEUTRO,,NEUTRO,,60.4,MIXTO
2026-09-28 02:38:20,55.8,60.5,73.6,62.0,75.2,57.4,NEUTRO,NEUTRO,,NEUTRO,,60.5,MIXTO
2026-09-28 03:31:36,55.9,60.4,73.6,99.2,75.2,44.9,NEUTRO,NEUTRO,,NEUTRO,,72.8,ALCISTA
2026-09-28 04:32:55,55.8,60.5,73.6,49.7,75.2,61.5,NEUTRO,NEUTRO,,NEUTRO,,56.4,MIXTO
2026-09-28 05:33:11,55.8,60.5,73.6,79.1,75.2,51.7,NEUTRO,NEUTRO,,NEUTRO,,66.2,ALCISTA
2026-09-28 06:31:42,55.9,60.4,73.6,72.1,75.2,54.0,NEUTRO,NEUTRO,,NEUTRO,,63.8,MIXTO
2026-09-28 07:31:03,55.8,60.5,73.6,49.7,75.2,61.5,NEUTRO,NEUTRO,,NEUTRO,,56.4,MIXTO
2026-09-28 08:37:00,55.8,60.5,73.6,16.3,75.2,72.6,RISK-ON,NEUTRO,,NEUTRO,,45.2,MIXTO
2026-09-28 09:31:47,95.8,6.2,6.2,59.1,0.7,17.8,RISK-OFF,BAJISTA,69.23,BAJISTA,71.79,21.3,BAJISTA
2026-09-28 10:33:23,94.0,53.7,44.7,67.5,49.9,43.6,NEUTRO,BAJISTA,69.23,BAJISTA,71.79,41.1,MIXTO
2026-09-28 11:32:36,54.8,42.6,45.8,20.3,43.2,56.0,NEUTRO,NEUTRO,,NEUTRO,,36.2,MIXTO
2026-09-28 12:32:10,55.7,36.9,33.7,16.3,27.7,51.4,NEUTRO,NEUTRO,,NEUTRO,,29.4,BAJISTA
2026-09-28 13:29:43,83.4,19.9,15.2,26.5,13.1,36.2,NEUTRO,BAJISTA,69.23,BAJISTA,71.79,18.7,BAJISTA
2026-09-28 14:33:52,55.6,40.3,44.0,47.4,39.9,45.6,NEUTRO,NEUTRO,,NEUTRO,,43.9,MIXTO
2026-09-28 15:28:54,62.0,35.7,26.5,78.6,55.9,27.9,RISK-OFF,NEUTRO,,NEUTRO,,57.5,MIXTO
2026-09-28 16:28:38,71.7,30.7,33.3,52.1,70.7,37.3,NEUTRO,NEUTRO,,NEUTRO,,50.4,MIXTO
2026-09-28 17:28:14,71.7,30.7,33.3,47.4,70.7,38.9,NEUTRO,NEUTRO,,NEUTRO,,48.8,MIXTO
2026-09-28 18:27:51,71.6,30.6,33.2,47.5,70.7,38.8,NEUTRO,NEUTRO,,NEUTRO,,48.9,MIXTO
2026-09-28 19:27:56,71.6,30.6,33.2,47.5,70.7,38.8,NEUTRO,NEUTRO,,NEUTRO,,48.9,MIXTO
2026-09-28 20:36:33,71.7,30.7,33.3,47.4,70.7,38.9,NEUTRO,NEUTRO,,NEUTRO,,48.8,MIXTO
2026-09-28 21:27:55,71.6,30.6,33.2,47.5,70.7,38.8,NEUTRO,NEUTRO,,NEUTRO,,48.9,MIXTO
2026-09-28 22:27:25,71.7,30.7,33.3,47.4,70.7,38.9,NEUTRO,NEUTRO,,NEUTRO,,48.8,MIXTO
2026-09-28 23:31:02,71.6,30.6,33.2,47.5,70.7,38.8,NEUTRO,NEUTRO,,NEUTRO,,48.9,MIXTO
2026-09-29 00:30:26,71.6,30.6,33.2,47.5,70.7,38.8,NEUTRO,NEUTRO,,NEUTRO,,48.9,MIXTO
2026-09-29 01:29:32,71.7,30.7,33.3,47.4,70.7,38.9,NEUTRO,NEUTRO,,NEUTRO,,48.8,MIXTO
2026-09-29 02:36:01,71.6,30.6,33.2,47.5,70.7,38.8,NEUTRO,NEUTRO,,NEUTRO,,48.9,MIXTO
2026-09-29 03:31:21,71.6,30.6,33.2,76.1,70.7,29.2,RISK-OFF,NEUTRO,,NEUTRO,,58.4,MIXTO
2026-09-29 04:32:36,71.7,30.7,33.3,56.6,70.7,35.8,NEUTRO,NEUTRO,,NEUTRO,,51.9,MIXTO
2026-09-29 05:32:02,71.6,30.6,33.2,63.3,70.7,33.5,RISK-OFF,NEUTRO,,NEUTRO,,54.1,MIXTO
2026-09-29 06:32:07,71.6,30.6,33.2,35.9,70.7,42.6,NEUTRO,NEUTRO,,NEUTRO,,45.0,MIXTO
2026-09-29 07:29:32,71.7,30.7,33.3,52.0,70.7,37.3,NEUTRO,NEUTRO,,NEUTRO,,50.3,MIXTO
2026-09-29 08:37:13,71.7,30.7,33.3,56.9,70.7,35.7,NEUTRO,NEUTRO,,NEUTRO,,52.0,MIXTO
2026-09-29 09:33:59,92.9,78.8,39.5,42.4,8.9,58.6,NEUTRO,BAJISTA,69.23,BAJISTA,71.79,19.5,BAJISTA
2026-09-29 10:32:09,91.8,60.0,52.1,29.7,59.4,60.8,NEUTRO,BAJISTA,69.23,BAJISTA,71.79,32.4,BAJISTA
2026-09-29 11:33:24,41.5,64.1,60.9,84.0,75.3,47.0,NEUTRO,NEUTRO,,NEUTRO,,72.6,ALCISTA
2026-09-29 12:32:52,54.7,38.0,39.9,45.1,68.1,44.3,NEUTRO,NEUTRO,,NEUTRO,,52.8,MIXTO
2026-09-29 13:30:07,86.2,48.1,48.3,63.1,46.9,44.4,NEUTRO,BAJISTA,69.23,BAJISTA,71.79,41.3,MIXTO
2026-09-29 14:34:50,50.9,43.0,45.3,16.5,36.8,57.3,NEUTRO,NEUTRO,,NEUTRO,,34.1,BAJISTA
2026-09-29 15:30:32,51.1,41.7,42.4,67.5,46.7,38.9,NEUTRO,NEUTRO,,NEUTRO,,54.4,MIXTO
2026-09-29 16:31:21,72.7,42.1,39.4,39.9,77.1,47.2,NEUTRO,NEUTRO,,NEUTRO,,48.1,MIXTO
2026-09-29 17:29:30,72.8,42.1,39.5,39.9,77.0,47.2,NEUTRO,NEUTRO,,NEUTRO,,48.0,MIXTO
2026-09-29 18:29:14,72.7,42.1,39.4,39.9,77.1,47.2,NEUTRO,NEUTRO,,NEUTRO,,48.1,MIXTO
2026-09-29 19:26:48,72.8,42.1,39.5,39.9,77.0,47.2,NEUTRO,NEUTRO,,NEUTRO,,48.0,MIXTO
2026-09-29 20:38:43,72.8,42.1,39.5,39.9,77.0,47.2,NEUTRO,NEUTRO,,NEUTRO,,48.0,MIXTO
2026-09-29 21:29:57,72.7,42.1,39.4,39.9,77.1,47.2,NEUTRO,NEUTRO,,NEUTRO,,48.1,MIXTO
2026-09-29 22:28:51,72.8,42.1,39.5,39.9,77.0,47.2,NEUTRO,NEUTRO,,NEUTRO,,48.0,MIXTO
2026-09-29 23:30:47,72.8,42.1,39.5,39.9,77.0,47.2,NEUTRO,NEUTRO,,NEUTRO,,48.0,MIXTO
2026-09-30 00:31:14,72.7,42.1,39.4,39.9,77.1,47.2,NEUTRO,NEUTRO,,NEUTRO,,48.1,MIXTO
2026-09-30 01:30:39,72.8,42.1,39.5,39.9,77.0,47.2,NEUTRO,NEUTRO,,NEUTRO,,48.0,MIXTO
2026-09-30 02:36:28,72.8,42.1,39.5,39.9,77.0,47.2,NEUTRO,NEUTRO,,NEUTRO,,48.0,MIXTO
2026-09-30 03:32:43,72.8,42.1,39.5,21.9,77.0,53.2,NEUTRO,NEUTRO,,NEUTRO,,42.0,MIXTO
2026-09-30 04:33:49,72.8,42.1,39.5,69.4,77.0,37.4,NEUTRO,NEUTRO,,NEUTRO,,57.9,MIXTO
2026-09-30 05:31:41,72.8,42.1,39.5,55.4,77.0,42.1,NEUTRO,NEUTRO,,NEUTRO,,53.2,MIXTO
2026-09-30 06:31:42,72.8,42.1,39.5,75.0,77.0,35.5,NEUTRO,NEUTRO,,NEUTRO,,59.7,MIXTO
2026-09-30 07:28:58,72.8,42.1,39.4,77.3,77.1,34.7,RISK-OFF,NEUTRO,,NEUTRO,,60.5,MIXTO
2026-09-30 08:40:19,72.8,42.1,39.5,55.3,77.0,42.1,NEUTRO,NEUTRO,,NEUTRO,,53.2,MIXTO
2026-09-30 09:32:34,3.4,92.8,91.3,39.7,92.6,81.5,RISK-ON,ALCISTA,67.65,ALCISTA,64.71,76.3,ALCISTA
2026-09-30 10:34:51,52.4,27.4,34.4,79.8,52.4,27.3,RISK-OFF,NEUTRO,,NEUTRO,,59.9,MIXTO
2026-09-30 11:34:15,31.6,56.5,51.7,67.5,62.4,46.9,NEUTRO,NEUTRO,,NEUTRO,,66.1,ALCISTA
2026-09-30 12:33:23,89.8,39.8,42.7,61.3,46.7,40.4,NEUTRO,BAJISTA,69.23,BAJISTA,71.79,39.4,MIXTO
2026-09-30 13:30:33,55.6,49.1,49.7,73.9,53.0,41.6,NEUTRO,NEUTRO,,NEUTRO,,57.1,MIXTO
2026-09-30 14:32:58,40.8,34.7,35.9,56.9,24.2,37.9,NEUTRO,NEUTRO,,NEUTRO,,46.8,MIXTO
2026-09-30 15:30:09,43.0,47.8,47.3,29.8,52.4,55.1,NEUTRO,NEUTRO,,NEUTRO,,46.4,MIXTO
2026-09-30 16:30:19,72.8,8.1,4.7,21.2,85.9,30.5,RISK-OFF,NEUTRO,,NEUTRO,,44.8,MIXTO
2026-09-30 17:30:51,72.8,8.1,4.7,21.2,85.9,30.5,RISK-OFF,NEUTRO,,NEUTRO,,44.8,MIXTO
2026-09-30 18:30:25,72.7,8.1,4.7,21.2,85.9,30.5,RISK-OFF,NEUTRO,,NEUTRO,,44.8,MIXTO
2026-09-30 19:27:49,72.8,8.1,4.7,21.2,85.9,30.5,RISK-OFF,NEUTRO,,NEUTRO,,44.8,MIXTO
2026-09-30 20:40:15,72.8,8.1,4.7,21.2,85.9,30.5,RISK-OFF,NEUTRO,,NEUTRO,,44.8,MIXTO
2026-09-30 21:30:20,72.7,8.1,4.7,21.2,85.9,30.5,RISK-OFF,NEUTRO,,NEUTRO,,44.8,MIXTO
2026-09-30 22:30:57,72.7,8.1,4.7,21.2,85.9,30.5,RISK-OFF,NEUTRO,,NEUTRO,,44.8,MIXTO
2026-09-30 23:31:44,72.8,8.1,4.7,21.2,85.9,30.5,RISK-OFF,NEUTRO,,NEUTRO,,44.8,MIXTO
2026-10-01 00:32:14,72.7,8.1,4.7,21.2,85.9,30.5,RISK-OFF,NEUTRO,,NEUTRO,,44.8,MIXTO
2026-10-01 01:30:20,72.8,8.1,4.7,21.2,85.9,30.5,RISK-OFF,NEUTRO,,NEUTRO,,44.8,MIXTO
2026-10-01 02:38:25,72.8,8.1,4.7,21.2,85.9,30.5,RISK-OFF,NEUTRO,,NEUTRO,,44.8,MIXTO
2026-10-01 03:33:12,72.7,8.1,4.7,69.0,85.9,14.6,RISK-OFF,NEUTRO,,NEUTRO,,60.7,MIXTO
2026-10-01 04:34:09,72.8,8.1,4.7,58.7,85.9,18.0,RISK-OFF,NEUTRO,,NEUTRO,,57.3,MIXTO
2026-10-01 05:32:57,72.8,8.1,4.7,17.8,85.9,31.7,RISK-OFF,NEUTRO,,NEUTRO,,43.6,MIXTO
2026-10-01 06:32:06,72.8,8.1,4.7,45.2,85.9,22.5,RISK-OFF,NEUTRO,,NEUTRO,,52.8,MIXTO
2026-10-01 07:30:59,72.7,8.1,4.7,83.8,85.9,9.7,RISK-OFF,NEUTRO,,NEUTRO,,65.7,ALCISTA
2026-10-01 08:38:35,72.8,8.1,4.7,56.5,85.9,18.8,RISK-OFF,NEUTRO,,NEUTRO,,56.5,MIXTO
2026-10-01 09:34:26,97.0,88.2,86.0,56.4,0.7,72.6,RISK-ON,BAJISTA,69.23,BAJISTA,71.79,20.0,BAJISTA
2026-10-01 10:34:39,23.4,73.6,69.4,93.7,79.4,49.8,NEUTRO,NEUTRO,,NEUTRO,,83.2,ALCISTA
2026-10-01 11:32:33,83.8,33.0,37.8,19.2,60.2,50.5,NEUTRO,BAJISTA,69.23,BAJISTA,71.79,31.9,BAJISTA
2026-10-01 12:30:48,55.2,58.0,58.2,52.5,70.8,54.6,NEUTRO,NEUTRO,,NEUTRO,,56.0,MIXTO
2026-10-01 13:31:09,12.0,73.2,75.1,13.6,75.3,78.2,RISK-ON,ALCISTA,67.65,ALCISTA,64.71,59.0,MIXTO
2026-10-01 14:36:15,30.9,58.9,62.5,55.4,52.4,55.3,NEUTRO,NEUTRO,,NEUTRO,,59.0,MIXTO
2026-10-01 15:30:39,14.6,49.9,47.3,49.7,59.4,49.2,NEUTRO,ALCISTA,67.65,ALCISTA,64.71,64.8,MIXTO
2026-10-01 16:32:51,64.7,30.1,33.0,36.1,55.9,42.3,NEUTRO,NEUTRO,,NEUTRO,,42.4,MIXTO
2026-10-01 17:30:16,64.7,30.1,33.0,36.1,55.9,42.3,NEUTRO,NEUTRO,,NEUTRO,,42.4,MIXTO
2026-10-01 18:27:55,64.8,30.1,33.1,36.1,55.9,42.4,NEUTRO,NEUTRO,,NEUTRO,,42.4,MIXTO
2026-10-01 19:27:07,64.8,30.1,33.1,36.1,55.9,42.4,NEUTRO,NEUTRO,,NEUTRO,,42.4,MIXTO
2026-10-01 20:37:55,64.8,30.1,33.1,36.1,55.9,42.4,NEUTRO,NEUTRO,,NEUTRO,,42.4,MIXTO
2026-10-01 21:30:19,64.7,30.1,33.0,36.1,55.9,42.3,NEUTRO,NEUTRO,,NEUTRO,,42.4,MIXTO
2026-10-01 22:28:55,64.8,30.1,33.1,36.1,55.9,42.4,NEUTRO,NEUTRO,,NEUTRO,,42.4,MIXTO
2026-10-01 23:31:24,64.7,30.1,33.0,36.1,55.9,42.3,NEUTRO,NEUTRO,,NEUTRO,,42.4,MIXTO
2026-10-02 00:31:32,64.7,30.1,33.0,36.1,55.9,42.3,NEUTRO,NEUTRO,,NEUTRO,,42.4,MIXTO
2026-10-02 01:29:56,64.8,30.1,33.1,36.1,55.9,42.4,NEUTRO,NEUTRO,,NEUTRO,,42.4,MIXTO
2026-10-02 02:36:38,64.8,30.1,33.1,36.1,55.9,42.4,NEUTRO,NEUTRO,,NEUTRO,,42.4,MIXTO
2026-10-02 03:32:08,64.8,30.1,33.1,18.2,55.9,48.3,NEUTRO,NEUTRO,,NEUTRO,,36.4,MIXTO
2026-10-02 04:33:08,64.7,30.1,33.0,39.9,55.9,41.1,NEUTRO,NEUTRO,,NEUTRO,,43.7,MIXTO
2026-10-02 05:32:25,64.8,30.1,33.1,59.2,55.9,34.7,RISK-OFF,NEUTRO,,NEUTRO,,50.1,MIXTO
2026-10-02 06:30:35,64.7,30.1,33.0,69.4,55.9,31.2,RISK-OFF,NEUTRO,,NEUTRO,,53.5,MIXTO
2026-10-02 07:29:59,64.7,30.1,33.0,55.4,55.9,35.9,NEUTRO,NEUTRO,,NEUTRO,,48.9,MIXTO
2026-10-02 08:37:08,64.8,30.1,33.1,59.1,55.9,34.7,RISK-OFF,NEUTRO,,NEUTRO,,50.1,MIXTO
2026-10-02 09:33:19,5.3,97.7,97.9,74.2,96.5,73.8,RISK-ON,ALCISTA,67.65,ALCISTA,64.71,88.5,ALCISTA
2026-10-02 10:33:38,41.9,33.1,32.0,44.5,18.8,40.2,NEUTRO,NEUTRO,,NEUTRO,,40.5,MIXTO
2026-10-02 11:33:15,44.0,48.8,50.2,87.4,52.8,37.2,NEUTRO,NEUTRO,,NEUTRO,,65.4,ALCISTA
2026-10-02 12:31:46,83.1,53.7,57.7,35.3,56.0,58.7,NEUTRO,BAJISTA,69.23,BAJISTA,71.79,36.1,MIXTO
2026-10-02 13:30:54,44.0,43.1,44.8,59.3,56.0,42.9,NEUTRO,NEUTRO,,NEUTRO,,57.1,MIXTO
2026-10-02 14:34:46,55.3,46.3,48.2,37.3,22.1,52.4,NEUTRO,NEUTRO,,NEUTRO,,34.7,BAJISTA
2026-10-02 15:30:57,42.6,51.4,50.6,47.1,43.1,51.6,NEUTRO,NEUTRO,,NEUTRO,,49.2,MIXTO
2026-10-02 16:29:18,23.4,56.2,57.2,35.0,52.4,59.5,NEUTRO,NEUTRO,,NEUTRO,,54.7,MIXTO
2026-10-02 17:29:55,23.4,56.2,57.2,32.9,52.4,60.2,NEUTRO,NEUTRO,,NEUTRO,,54.0,MIXTO
2026-10-02 18:29:17,23.4,56.2,57.2,32.9,52.4,60.2,NEUTRO,NEUTRO,,NEUTRO,,54.0,MIXTO
2026-10-02 19:26:48,23.4,56.3,57.1,33.0,52.4,60.1,NEUTRO,NEUTRO,,NEUTRO,,54.0,MIXTO
2026-10-02 20:36:34,23.4,56.3,57.1,33.0,52.4,60.1,NEUTRO,NEUTRO,,NEUTRO,,54.0,MIXTO
2026-10-02 21:29:37,23.4,56.2,57.2,32.9,52.4,60.2,NEUTRO,NEUTRO,,NEUTRO,,54.0,MIXTO
2026-10-02 22:35:48,23.4,56.2,57.2,32.9,52.4,60.2,NEUTRO,NEUTRO,,NEUTRO,,54.0,MIXTO
2026-10-02 23:37:11,23.4,56.2,57.2,32.9,52.4,60.2,NEUTRO,NEUTRO,,NEUTRO,,54.0,MIXTO
2026-10-03 00:31:54,23.4,56.3,57.1,33.0,52.4,60.1,NEUTRO,NEUTRO,,NEUTRO,,54.0,MIXTO
2026-10-03 01:39:21,23.4,56.2,57.2,32.9,52.4,60.2,NEUTRO,NEUTRO,,NEUTRO,,54.0,MIXTO
2026-10-03 02:44:51,23.4,56.2,57.2,32.9,52.4,60.2,NEUTRO,NEUTRO,,NEUTRO,,54.0,MIXTO
2026-10-03 03:33:20,23.4,56.2,57.2,32.9,52.4,60.2,NEUTRO,NEUTRO,,NEUTRO,,54.0,MIXTO
2026-10-03 04:30:51,23.4,56.2,57.2,32.9,52.4,60.2,NEUTRO,NEUTRO,,NEUTRO,,54.0,MIXTO
2026-10-03 05:30:31,23.4,56.3,57.1,33.0,52.4,60.1,NEUTRO,NEUTRO,,NEUTRO,,54.0,MIXTO
2026-10-03 06:29:36,23.4,56.3,57.1,33.0,52.4,60.1,NEUTRO,NEUTRO,,NEUTRO,,54.0,MIXTO
2026-10-03 10:38:39,23.4,56.3,57.1,33.0,52.4,60.1,NEUTRO,NEUTRO,,NEUTRO,,54.0,MIXTO
2026-10-03 15:42:28,23.4,56.2,57.2,32.9,52.4,60.2,NEUTRO,NEUTRO,,NEUTRO,,54.0,MIXTO
2026-10-03 22:39:23,23.4,56.3,57.1,33.0,52.4,60.1,NEUTRO,NEUTRO,,NEUTRO,,54.0,MIXTO
2026-10-04 01:19:37,23.4,56.3,57.1,33.0,52.4,60.1,NEUTRO,NEUTRO,,NEUTRO,,54.0,MIXTO
2026-10-04 09:40:38,23.4,56.2,57.2,32.9,52.4,60.2,NEUTRO,NEUTRO,,NEUTRO,,54.0,MIXTO
2026-10-04 16:28:37,23.4,56.2,57.2,32.9,52.4,60.2,NEUTRO,NEUTRO,,NEUTRO,,54.0,MIXTO
2026-10-04 17:40:18,23.4,56.2,57.2,32.9,52.4,60.2,NEUTRO,NEUTRO,,NEUTRO,,54.0,MIXTO
2026-10-04 18:29:15,23.4,56.3,57.1,33.0,52.4,60.1,NEUTRO,NEUTRO,,NEUTRO,,54.0,MIXTO
2026-10-04 19:27:48,23.4,56.2,57.2,32.9,52.4,60.2,NEUTRO,NEUTRO,,NEUTRO,,54.0,MIXTO
2026-10-04 20:41:17,23.4,56.3,57.1,33.0,52.4,60.1,NEUTRO,NEUTRO,,NEUTRO,,54.0,MIXTO
2026-10-04 21:30:37,23.4,56.3,57.1,33.0,52.4,60.1,NEUTRO,NEUTRO,,NEUTRO,,54.0,MIXTO
2026-10-04 22:32:01,23.4,56.2,57.2,32.9,52.4,60.2,NEUTRO,NEUTRO,,NEUTRO,,54.0,MIXTO
2026-10-04 23:33:36,23.4,56.3,57.1,33.0,52.4,60.1,NEUTRO,NEUTRO,,NEUTRO,,54.0,MIXTO
2026-10-05 00:34:38,23.4,56.3,57.1,33.0,52.4,60.1,NEUTRO,NEUTRO,,NEUTRO,,54.0,MIXTO
2026-10-05 01:35:05,23.4,56.2,57.2,32.9,52.4,60.2,NEUTRO,NEUTRO,,NEUTRO,,54.0,MIXTO
2026-10-05 02:42:52,23.4,56.2,57.2,32.9,52.4,60.2,NEUTRO,NEUTRO,,NEUTRO,,54.0,MIXTO
2026-10-05 03:34:54,23.4,56.3,57.1,98.3,52.4,38.4,NEUTRO,NEUTRO,,NEUTRO,,75.8,ALCISTA
2026-10-05 04:35:14,23.4,56.2,57.2,28.3,52.4,61.7,NEUTRO,NEUTRO,,NEUTRO,,52.4,MIXTO
2026-10-05 05:35:57,23.4,56.2,57.2,56.6,52.4,52.3,NEUTRO,NEUTRO,,NEUTRO,,61.9,MIXTO
2026-10-05 06:33:34,23.4,56.3,57.1,55.4,52.4,52.7,NEUTRO,NEUTRO,,NEUTRO,,61.5,MIXTO
2026-10-05 07:33:01,23.4,56.3,57.1,56.6,52.4,52.3,NEUTRO,NEUTRO,,NEUTRO,,61.9,MIXTO
2026-10-05 08:39:21,23.4,56.3,57.1,47.5,52.4,55.3,NEUTRO,NEUTRO,,NEUTRO,,58.8,MIXTO
2026-10-05 09:37:00,99.2,84.1,74.6,19.9,8.9,79.6,RISK-ON,BAJISTA,69.23,BAJISTA,71.79,9.9,BAJISTA
2026-10-05 10:36:23,43.2,31.9,28.1,14.3,20.6,48.6,NEUTRO,NEUTRO,,NEUTRO,,30.6,BAJISTA
2026-10-05 11:34:57,23.6,42.1,53.2,59.4,55.9,45.3,NEUTRO,NEUTRO,,NEUTRO,,63.9,MIXTO
2026-10-05 12:33:37,78.0,47.0,46.9,49.3,46.6,48.2,NEUTRO,NEUTRO,,NEUTRO,,39.3,MIXTO
2026-10-05 13:30:58,42.2,42.9,43.5,49.3,59.5,45.7,NEUTRO,NEUTRO,,NEUTRO,,55.5,MIXTO
2026-10-05 14:37:31,51.1,45.4,47.5,61.6,72.9,43.8,NEUTRO,NEUTRO,,NEUTRO,,61.1,MIXTO
2026-10-05 17:32:25,72.5,37.0,20.3,44.5,56.3,37.6,NEUTRO,NEUTRO,,NEUTRO,,42.8,MIXTO
2026-10-05 18:29:23,72.5,37.0,20.3,44.5,56.3,37.6,NEUTRO,NEUTRO,,NEUTRO,,42.8,MIXTO
2026-10-05 19:27:22,72.7,37.0,20.2,44.4,56.3,37.6,NEUTRO,NEUTRO,,NEUTRO,,42.7,MIXTO
2026-10-05 20:41:48,72.7,37.0,20.2,44.4,56.3,37.6,NEUTRO,NEUTRO,,NEUTRO,,42.7,MIXTO
2026-10-05 21:30:15,72.7,37.0,20.2,44.4,56.3,37.6,NEUTRO,NEUTRO,,NEUTRO,,42.7,MIXTO
2026-10-05 22:30:59,72.5,37.0,20.3,44.5,56.3,37.6,NEUTRO,NEUTRO,,NEUTRO,,42.8,MIXTO
2026-10-05 23:31:16,72.5,37.0,20.3,44.5,56.3,37.6,NEUTRO,NEUTRO,,NEUTRO,,42.8,MIXTO
2026-10-06 00:32:25,72.7,37.0,20.2,44.4,56.3,37.6,NEUTRO,NEUTRO,,NEUTRO,,42.7,MIXTO
2026-10-06 01:31:13,72.5,37.0,20.3,44.5,56.3,37.6,NEUTRO,NEUTRO,,NEUTRO,,42.8,MIXTO
2026-10-06 02:38:09,72.5,37.0,20.3,44.5,56.3,37.6,NEUTRO,NEUTRO,,NEUTRO,,42.8,MIXTO
2026-10-06 03:32:23,72.5,37.0,20.3,47.1,56.3,36.7,NEUTRO,NEUTRO,,NEUTRO,,43.6,MIXTO
2026-10-06 04:33:20,72.7,37.0,20.2,47.1,56.3,36.7,NEUTRO,NEUTRO,,NEUTRO,,43.6,MIXTO
2026-10-06 05:33:13,72.5,37.0,20.3,47.1,56.3,36.7,NEUTRO,NEUTRO,,NEUTRO,,43.6,MIXTO
2026-10-06 06:31:55,72.7,37.0,20.2,47.0,56.3,36.7,NEUTRO,NEUTRO,,NEUTRO,,43.5,MIXTO
2026-10-06 07:30:53,72.5,37.0,20.3,39.2,56.3,39.4,NEUTRO,NEUTRO,,NEUTRO,,41.0,MIXTO
2026-10-06 08:37:38,72.7,37.0,20.2,51.6,56.3,35.2,NEUTRO,NEUTRO,,NEUTRO,,45.1,MIXTO
2026-10-06 09:33:12,3.2,91.6,93.6,61.8,94.7,74.5,RISK-ON,ALCISTA,67.65,ALCISTA,64.71,84.4,ALCISTA
2026-10-06 10:33:15,52.2,44.0,48.3,39.2,68.0,51.0,NEUTRO,NEUTRO,,NEUTRO,,51.7,MIXTO
2026-10-06 11:31:37,54.0,40.5,40.8,47.0,46.6,44.8,NEUTRO,NEUTRO,,NEUTRO,,46.5,MIXTO
2026-10-06 12:33:57,82.6,54.6,51.9,39.1,55.8,55.8,NEUTRO,BAJISTA,69.23,BAJISTA,71.79,37.4,MIXTO
2026-10-06 13:29:37,55.3,45.4,31.8,73.3,27.7,34.6,RISK-OFF,NEUTRO,,NEUTRO,,48.6,MIXTO
2026-10-06 14:34:50,54.0,41.1,51.1,59.7,52.3,44.2,NEUTRO,NEUTRO,,NEUTRO,,52.7,MIXTO
2026-10-06 15:30:19,50.9,44.9,48.2,73.3,46.8,39.9,NEUTRO,NEUTRO,,NEUTRO,,56.4,MIXTO
2026-10-06 16:32:22,40.4,24.3,31.8,41.4,14.9,38.2,NEUTRO,NEUTRO,,NEUTRO,,38.6,MIXTO
2026-10-06 17:29:58,40.2,24.2,31.8,41.5,14.9,38.2,NEUTRO,NEUTRO,,NEUTRO,,38.7,MIXTO
2026-10-06 18:30:21,40.4,24.3,31.8,41.4,14.9,38.2,NEUTRO,NEUTRO,,NEUTRO,,38.6,MIXTO
2026-10-06 19:29:09,40.4,24.3,31.8,41.4,14.9,38.2,NEUTRO,NEUTRO,,NEUTRO,,38.6,MIXTO
2026-10-06 20:42:43,40.2,24.2,31.8,41.5,14.9,38.2,NEUTRO,NEUTRO,,NEUTRO,,38.7,MIXTO
2026-10-06 21:31:14,40.2,24.2,31.8,41.5,14.9,38.2,NEUTRO,NEUTRO,,NEUTRO,,38.7,MIXTO
2026-10-06 22:32:00,40.4,24.3,31.8,41.4,14.9,38.2,NEUTRO,NEUTRO,,NEUTRO,,38.6,MIXTO
2026-10-06 23:32:24,40.4,24.3,31.8,41.4,14.9,38.2,NEUTRO,NEUTRO,,NEUTRO,,38.6,MIXTO
2026-10-07 00:33:18,40.4,24.3,31.8,41.4,14.9,38.2,NEUTRO,NEUTRO,,NEUTRO,,38.6,MIXTO
2026-10-07 01:32:20,40.2,24.2,31.8,41.5,14.9,38.2,NEUTRO,NEUTRO,,NEUTRO,,38.7,MIXTO
2026-10-07 02:37:32,40.2,24.2,31.8,41.5,14.9,38.2,NEUTRO,NEUTRO,,NEUTRO,,38.7,MIXTO
2026-10-07 03:33:50,40.2,24.2,31.8,84.9,14.9,23.7,RISK-OFF,NEUTRO,,NEUTRO,,53.2,MIXTO
2026-10-07 04:35:07,40.2,24.2,31.8,55.4,14.9,33.5,RISK-OFF,NEUTRO,,NEUTRO,,43.4,MIXTO
2026-10-07 05:33:11,40.2,24.2,31.8,69.9,14.9,28.7,RISK-OFF,NEUTRO,,NEUTRO,,48.2,MIXTO
2026-10-07 06:32:57,40.2,24.2,31.8,61.7,14.9,31.4,RISK-OFF,NEUTRO,,NEUTRO,,45.5,MIXTO
2026-10-07 07:31:38,40.2,24.2,31.8,75.5,14.9,26.8,RISK-OFF,NEUTRO,,NEUTRO,,50.1,MIXTO
2026-10-07 08:39:53,40.2,24.2,31.8,39.6,14.9,38.8,NEUTRO,NEUTRO,,NEUTRO,,38.1,MIXTO
2026-10-07 09:34:35,99.5,5.3,5.9,61.5,0.7,16.6,RISK-OFF,BAJISTA,69.23,BAJISTA,71.79,20.9,BAJISTA
